step,loss,lr,tokens_per_sec,mem_gb,entropy
10,1.7734,2e-06,10342,8.4,1.386
20,1.5858,4e-06,11469,8.4,1.386
30,1.6151,6e-06,11485,8.4,1.386
40,1.388,8e-06,11482,8.4,1.386
50,1.3652,1e-05,10908,8.4,1.386
60,1.3106,1.2e-05,11498,8.4,1.386
70,1.3507,1.4e-05,11487,8.4,1.386
80,1.279,1.6e-05,11495,8.4,1.386
90,1.2136,1.8e-05,11481,8.4,1.386
100,1.2442,2e-05,11471,8.4,1.386
110,1.1932,2e-05,11173,8.4,1.386
120,1.163,2e-05,11485,8.4,1.386
130,1.1376,2e-05,11490,8.4,1.386
140,1.2304,2e-05,11490,8.4,1.386
150,1.1535,2e-05,11508,8.5,1.386
160,1.148,2e-05,11475,8.4,1.386
170,1.2205,2e-05,11235,8.4,1.386
180,1.1997,2e-05,11484,8.4,1.386
190,1.1812,2e-05,11498,8.4,1.386
200,1.1341,2e-05,11504,8.5,1.386
210,1.194,2e-05,11504,8.4,1.386
220,1.1556,2e-05,11496,8.4,1.386
230,1.1424,2e-05,11242,8.4,1.386
240,1.163,2e-05,11491,8.4,1.386
250,1.1883,2e-05,11511,8.4,1.386
260,1.1877,2e-05,11492,8.4,1.386
270,1.1171,2e-05,11513,8.4,1.386
280,1.1929,2e-05,11499,8.4,1.386
290,1.1307,2e-05,11248,8.4,1.386
300,1.1611,2e-05,11512,8.4,1.386
310,1.174,2e-05,11488,8.4,1.386
320,1.1633,2e-05,11495,8.4,1.386
330,1.1095,2e-05,11506,8.4,1.386
340,1.1589,2e-05,11293,8.4,1.386
350,1.1165,2e-05,11504,8.4,1.386
360,1.1548,2e-05,11503,8.4,1.386
370,1.1614,2e-05,11524,8.5,1.386
380,1.0497,2e-05,11502,8.4,1.386
390,1.1012,2e-05,11507,8.5,1.386
400,1.098,2e-05,11238,8.4,1.386
410,1.0364,2e-05,11491,8.4,1.386
420,1.2003,2e-05,11502,8.4,1.386
430,1.0509,2e-05,11498,8.4,1.386
440,1.1397,2e-05,11502,8.4,1.386
450,1.0539,2e-05,11501,8.4,1.386
460,1.0547,2e-05,11284,8.4,1.386
470,1.1363,2e-05,11508,8.4,1.386
480,1.1411,2e-05,11503,8.4,1.386
490,1.1533,2e-05,11463,8.4,1.386
500,1.1478,2e-05,11492,8.4,1.386
510,1.0887,2e-05,11490,8.4,1.386
520,1.1842,2e-05,11281,8.4,1.386
530,1.0675,2e-05,11486,8.4,1.386
540,1.1368,2e-05,11484,8.5,1.386
550,1.0698,2e-05,11489,8.4,1.386
560,1.0657,2e-05,11479,8.4,1.386
570,0.9778,2e-05,11480,8.4,1.386
580,0.9988,2e-05,11231,8.4,1.386
590,1.0222,2e-05,11501,8.4,1.386
600,1.1383,2e-05,11501,8.4,1.386
610,1.0915,2e-05,11505,8.4,1.386
620,1.0928,2e-05,11499,8.4,1.386
630,1.1238,2e-05,11518,8.4,1.386
640,1.1257,2e-05,11304,8.4,1.386
650,1.1405,2e-05,11501,8.4,1.386
660,1.0411,2e-05,11500,8.4,1.386
670,1.0299,2e-05,11520,8.4,1.386
680,1.1134,2e-05,11523,8.4,1.386
690,1.0108,2e-05,11518,8.4,1.386
700,0.9952,2e-05,11272,8.4,1.386
710,1.044,2e-05,11499,8.4,1.386
720,1.0463,2e-05,11499,8.4,1.386
730,1.0616,2e-05,11495,8.4,1.386
740,1.0995,2e-05,11490,8.4,1.386
750,1.0408,2e-05,11295,8.4,1.386
760,1.0234,2e-05,11507,8.4,1.386
770,1.0285,2e-05,11483,8.4,1.386
780,1.0103,2e-05,11496,8.4,1.386
790,1.0628,2e-05,11499,8.4,1.386
800,1.0268,2e-05,11491,8.4,1.386
810,1.028,2e-05,11282,8.4,1.386
820,1.0088,2e-05,11515,8.4,1.386
830,1.0776,2e-05,11505,8.5,1.386
840,0.9889,2e-05,11491,8.4,1.386
850,1.1434,2e-05,11518,8.4,1.386
860,1.1729,2e-05,11507,8.4,1.386
870,1.0621,2e-05,11318,8.4,1.386
880,0.985,2e-05,11515,8.4,1.386
890,1.0447,2e-05,11502,8.4,1.386
900,0.9621,2e-05,11498,8.4,1.386
910,1.0316,2e-05,11505,8.4,1.386
920,1.0403,2e-05,11503,8.4,1.386
930,1.1507,2e-05,11332,8.4,1.386
940,1.0858,2e-05,11506,8.4,1.386
950,1.0459,2e-05,11515,8.4,1.386
960,1.1175,2e-05,11508,8.4,1.386
970,1.1291,2e-05,11483,8.4,1.386
980,1.1185,2e-05,11319,8.5,1.386
990,1.1008,2e-05,11491,8.4,1.386
1000,1.1125,2e-05,11503,8.4,1.386
1010,1.0159,2e-05,11498,8.4,1.386
1020,1.0795,2e-05,11514,8.4,1.386
1030,1.0094,2e-05,11522,8.4,1.386
1040,1.0266,2e-05,11284,8.4,1.386
1050,1.093,2e-05,11485,8.5,1.386
1060,1.078,2e-05,11504,8.5,1.386
1070,1.1277,2e-05,11509,8.4,1.386
1080,0.955,2e-05,11508,8.4,1.386
1090,1.0141,2e-05,11495,8.4,1.386
1100,1.0486,2e-05,11316,8.4,1.386
1110,1.0679,2e-05,11502,8.4,1.386
1120,1.0075,2e-05,11512,8.4,1.386
1130,0.9812,2e-05,11488,8.4,1.386
1140,1.0536,2e-05,11493,8.4,1.386
1150,1.0993,2e-05,11475,8.4,1.386
1160,1.0317,2e-05,11216,8.4,1.386
1170,1.1048,2e-05,11488,8.4,1.386
1180,1.0372,2e-05,11485,8.4,1.386
1190,0.9487,2e-05,11476,8.4,1.386
1200,1.1028,2e-05,11477,8.4,1.386
1210,1.0197,2e-05,11168,8.4,1.386
1220,1.0247,2e-05,11477,8.4,1.386
1230,1.0142,2e-05,11490,8.4,1.386
1240,0.9999,2e-05,11468,8.5,1.386
1250,1.0602,2e-05,11468,8.4,1.386
1260,1.0202,2e-05,11489,8.4,1.386
1270,1.0482,2e-05,11233,8.4,1.386
1280,0.9014,2e-05,11476,8.4,1.386
1290,0.891,2e-05,11482,8.4,1.386
1300,1.0364,2e-05,11476,8.4,1.386
1310,1.0609,2e-05,11473,8.4,1.386
1320,1.0154,2e-05,11472,8.4,1.386
1330,1.055,2e-05,11144,8.4,1.386
1340,1.0738,2e-05,11484,8.4,1.386
1350,1.0962,2e-05,11485,8.4,1.386
1360,1.0264,2e-05,11471,8.5,1.386
1370,1.0086,2e-05,11474,8.4,1.386
1380,0.9517,2e-05,11482,8.4,1.386
1390,0.9826,2e-05,11274,8.5,1.386
1400,1.0786,2e-05,11484,8.4,1.386
1410,1.0245,2e-05,11498,8.4,1.386
1420,0.976,1.9e-05,11488,8.4,1.386
1430,1.0139,1.9e-05,11473,8.4,1.386
1440,1.0848,1.9e-05,11493,8.5,1.386
1450,0.9717,1.9e-05,11145,8.4,1.386
1460,1.0464,1.9e-05,11477,8.4,1.386
1470,1.0375,1.9e-05,11476,8.4,1.386
1480,1.0128,1.9e-05,11500,8.4,1.386
1490,1.0382,1.9e-05,11499,8.4,1.386
1500,1.083,1.9e-05,11182,8.4,1.386
1510,1.0282,1.9e-05,11476,8.4,1.386
1520,1.0477,1.9e-05,11498,8.4,1.386
1530,1.0592,1.9e-05,11493,8.4,1.386
1540,1.0255,1.9e-05,11480,8.4,1.386
1550,0.9741,1.9e-05,11478,8.4,1.386
1560,0.9472,1.9e-05,11207,8.4,1.386
1570,1.0262,1.9e-05,11477,8.4,1.386
1580,1.0545,1.9e-05,11472,8.4,1.386
1590,0.9521,1.9e-05,11478,8.4,1.386
1600,1.0121,1.9e-05,11459,8.4,1.386
1610,1.0976,1.9e-05,11471,8.4,1.386
1620,1.0577,1.9e-05,11168,8.4,1.386
1630,1.0828,1.9e-05,11470,8.4,1.386
1640,1.0402,1.9e-05,11477,8.4,1.386
1650,1.0387,1.9e-05,11464,8.4,1.386
1660,1.0223,1.9e-05,11491,8.4,1.386
1670,1.006,1.9e-05,11477,8.4,1.386
1680,1.0944,1.9e-05,11119,8.4,1.386
1690,0.9842,1.9e-05,11488,8.5,1.386
1700,0.9375,1.9e-05,11484,8.4,1.386
1710,1.0467,1.9e-05,11481,8.4,1.386
1720,0.9174,1.9e-05,11493,8.4,1.386
1730,0.9329,1.9e-05,11243,8.4,1.386
1740,0.9989,1.9e-05,11485,8.4,1.386
1750,0.9968,1.9e-05,11477,8.4,1.386
1760,1.0167,1.9e-05,11469,8.4,1.386
1770,0.9359,1.9e-05,11495,8.4,1.386
1780,0.9414,1.9e-05,11508,8.5,1.386
1790,1.0185,1.9e-05,11227,8.4,1.386
1800,1.037,1.9e-05,11523,8.4,1.386
1810,1.0119,1.9e-05,11511,8.4,1.386
1820,0.9582,1.9e-05,11501,8.4,1.386
1830,0.9909,1.9e-05,11494,8.4,1.386
1840,0.9703,1.9e-05,11496,8.4,1.386
1850,0.9468,1.9e-05,11277,8.4,1.386
1860,0.8628,1.9e-05,11497,8.4,1.386
1870,0.9972,1.9e-05,11481,8.4,1.386
1880,0.9778,1.9e-05,11485,8.4,1.386
1890,0.9683,1.9e-05,11495,8.4,1.386
1900,0.9794,1.9e-05,11294,8.4,1.386
1910,0.9421,1.9e-05,11504,8.4,1.386
1920,1.0695,1.9e-05,11477,8.4,1.386
1930,0.943,1.9e-05,11502,8.5,1.386
1940,0.981,1.9e-05,11495,8.4,1.386
1950,0.9384,1.9e-05,11496,8.4,1.386
1960,0.9859,1.9e-05,11284,8.4,1.386
1970,0.9795,1.9e-05,11505,8.4,1.386
1980,1.0457,1.9e-05,11520,8.4,1.386
1990,0.963,1.9e-05,11506,8.4,1.386
2000,0.985,1.9e-05,11501,8.4,1.386
2010,0.9971,1.9e-05,10063,8.4,1.386
2020,1.0311,1.9e-05,11261,8.4,1.386
2030,0.9599,1.9e-05,11507,8.4,1.386
2040,1.0294,1.9e-05,11506,8.4,1.386
2050,0.9835,1.9e-05,11494,8.4,1.386
2060,0.9451,1.9e-05,11480,8.4,1.386
2070,0.9565,1.9e-05,11472,8.4,1.386
2080,0.9863,1.9e-05,11222,8.5,1.386
2090,0.9764,1.9e-05,11482,8.4,1.386
2100,1.0358,1.9e-05,11520,8.4,1.386
2110,0.9327,1.9e-05,11479,8.4,1.386
2120,1.0606,1.9e-05,11504,8.4,1.386
2130,0.9865,1.9e-05,11516,8.4,1.386
2140,1.0146,1.9e-05,11190,8.4,1.386
2150,1.0154,1.9e-05,11519,8.4,1.386
2160,0.9955,1.9e-05,11505,8.4,1.386
2170,0.9804,1.9e-05,11517,8.5,1.386
2180,1.0175,1.9e-05,11507,8.4,1.386
2190,1.0426,1.9e-05,11236,8.5,1.386
2200,0.9641,1.9e-05,11513,8.4,1.386
2210,0.952,1.9e-05,11491,8.4,1.386
2220,1.0137,1.9e-05,11509,8.4,1.386
2230,1.0173,1.9e-05,11501,8.4,1.386
2240,1.0003,1.9e-05,11504,8.5,1.386
2250,0.9399,1.9e-05,11306,8.4,1.386
2260,1.0471,1.9e-05,11517,8.4,1.386
2270,1.0225,1.9e-05,11490,8.4,1.386
2280,0.9226,1.9e-05,11524,8.5,1.386
2290,0.9852,1.9e-05,11523,8.5,1.386
2300,0.9406,1.9e-05,11488,8.4,1.386
2310,0.9978,1.9e-05,11311,8.4,1.386
2320,0.9658,1.9e-05,11507,8.4,1.386
2330,0.9142,1.9e-05,11474,8.4,1.386
2340,0.9656,1.9e-05,11471,8.4,1.386
2350,1.0504,1.9e-05,11493,8.4,1.386
2360,1.0083,1.9e-05,11510,8.4,1.386
2370,1.021,1.9e-05,11297,8.4,1.386
2380,0.952,1.9e-05,11504,8.4,1.386
2390,1.0036,1.8e-05,11510,8.4,1.386
2400,1.0001,1.8e-05,11511,8.4,1.386
2410,0.8961,1.8e-05,11507,8.4,1.386
2420,1.0095,1.8e-05,11316,8.4,1.386
2430,0.9716,1.8e-05,11517,8.4,1.386
2440,0.8861,1.8e-05,11516,8.4,1.386
2450,0.9724,1.8e-05,11517,8.4,1.386
2460,0.9223,1.8e-05,11511,8.4,1.386
2470,1.0221,1.8e-05,11510,8.4,1.386
2480,0.9268,1.8e-05,11297,8.4,1.386
2490,0.9992,1.8e-05,11506,8.4,1.386
2500,1.0927,1.8e-05,11510,8.4,1.386
2510,0.8665,1.8e-05,11517,8.4,1.386
2520,0.9326,1.8e-05,11506,8.5,1.386
2530,0.9251,1.8e-05,11501,8.4,1.386
2540,0.8682,1.8e-05,11325,8.4,1.386
2550,0.8463,1.8e-05,11510,8.4,1.386
2560,0.9164,1.8e-05,11502,8.4,1.386
2570,0.9545,1.8e-05,11502,8.4,1.386
2580,0.9958,1.8e-05,11492,8.5,1.386
2590,0.9513,1.8e-05,11499,8.4,1.386
2600,0.893,1.8e-05,11308,8.4,1.386
2610,0.8644,1.8e-05,11515,8.4,1.386
2620,0.9006,1.8e-05,11531,8.4,1.386
2630,0.9465,1.8e-05,11519,8.4,1.386
2640,0.9256,1.8e-05,11507,8.4,1.386
2650,0.9282,1.8e-05,11502,8.4,1.386
2660,1.0029,1.8e-05,11324,8.4,1.386
2670,1.0293,1.8e-05,11487,8.4,1.386
2680,1.0118,1.8e-05,11502,8.4,1.386
2690,0.9348,1.8e-05,11507,8.4,1.386
2700,0.9299,1.8e-05,11516,8.4,1.386
2710,0.8575,1.8e-05,11274,8.4,1.386
2720,0.9134,1.8e-05,11524,8.4,1.386
2730,0.9155,1.8e-05,11507,8.4,1.386
2740,0.9914,1.8e-05,11524,8.4,1.386
2750,0.9256,1.8e-05,11518,8.4,1.386
2760,0.9366,1.8e-05,11512,8.4,1.386
2770,1.0093,1.8e-05,11328,8.4,1.386
2780,0.9207,1.8e-05,11509,8.4,1.386
2790,0.8873,1.8e-05,11498,8.4,1.386
2800,0.9274,1.8e-05,11507,8.5,1.386
2810,0.9681,1.8e-05,11513,8.4,1.386
2820,0.9769,1.8e-05,11504,8.4,1.386
2830,0.9681,1.8e-05,11285,8.4,1.386
2840,1.0155,1.8e-05,11467,8.4,1.386
2850,0.9727,1.8e-05,11481,8.4,1.386
2860,0.8697,1.8e-05,11481,8.4,1.386
2870,0.8769,1.8e-05,11493,8.4,1.386
2880,0.9377,1.8e-05,11471,8.4,1.386
2890,0.9606,1.8e-05,11191,8.4,1.386
2900,0.9735,1.8e-05,11504,8.4,1.386
2910,0.9672,1.8e-05,11494,8.4,1.386
2920,0.9237,1.8e-05,11473,8.4,1.386
2930,0.8904,1.8e-05,11463,8.4,1.386
2940,0.9279,1.8e-05,11437,8.4,1.386
2950,0.9229,1.8e-05,11135,8.4,1.386
2960,0.9755,1.8e-05,11475,8.4,1.386
2970,0.9241,1.8e-05,11470,8.4,1.386
2980,0.9216,1.8e-05,11479,8.4,1.386
2990,0.9891,1.8e-05,11485,8.4,1.386
3000,1.0212,1.8e-05,11471,8.4,1.386
3010,0.9401,1.8e-05,11184,8.4,1.386
3020,0.9288,1.8e-05,11487,8.4,1.386
3030,0.8782,1.8e-05,11484,8.4,1.386
3040,1.0302,1.8e-05,11475,8.4,1.386
3050,0.8669,1.8e-05,11478,8.4,1.386
3060,0.9931,1.8e-05,11204,8.4,1.386
3070,0.8812,1.8e-05,11510,8.4,1.386
3080,0.9607,1.8e-05,11500,8.4,1.386
3090,0.9239,1.7e-05,11504,8.4,1.386
3100,0.9284,1.7e-05,11515,8.4,1.386
3110,0.9078,1.7e-05,11500,8.4,1.386
3120,0.9901,1.7e-05,11266,8.4,1.386
3130,0.9716,1.7e-05,11501,8.4,1.386
3140,0.8837,1.7e-05,11495,8.4,1.386
3150,0.9164,1.7e-05,11507,8.4,1.386
3160,0.8981,1.7e-05,11511,8.4,1.386
3170,0.9397,1.7e-05,11511,8.4,1.386
3180,0.9562,1.7e-05,11252,8.4,1.386
3190,0.9258,1.7e-05,11506,8.4,1.386
3200,0.9771,1.7e-05,11498,8.4,1.386
3210,0.944,1.7e-05,11501,8.5,1.386
3220,0.952,1.7e-05,11522,8.4,1.386
3230,0.9243,1.7e-05,11282,8.4,1.386
3240,0.9995,1.7e-05,11496,8.4,1.386
3250,0.9913,1.7e-05,11506,8.4,1.386
3260,0.9279,1.7e-05,11508,8.4,1.386
3270,0.9662,1.7e-05,11499,8.4,1.386
3280,0.8248,1.7e-05,11495,8.4,1.386
3290,1.0069,1.7e-05,11295,8.4,1.386
3300,0.9292,1.7e-05,11493,8.4,1.386
3310,0.9712,1.7e-05,11506,8.4,1.386
3320,0.8765,1.7e-05,11510,8.4,1.386
3330,0.899,1.7e-05,11497,8.4,1.386
3340,0.913,1.7e-05,11510,8.4,1.386
3350,0.8969,1.7e-05,11291,8.4,1.386
3360,0.9717,1.7e-05,11508,8.4,1.386
3370,0.9818,1.7e-05,11502,8.4,1.386
3380,0.8349,1.7e-05,11512,8.4,1.386
3390,0.9011,1.7e-05,11493,8.5,1.386
3400,0.8384,1.7e-05,11321,8.4,1.386
3410,0.877,1.7e-05,11518,8.4,1.386
3420,0.9617,1.7e-05,11502,8.5,1.386
3430,0.9654,1.7e-05,11510,8.4,1.386
3440,0.9674,1.7e-05,11514,8.4,1.386
3450,0.9895,1.7e-05,11504,8.4,1.386
3460,0.8976,1.7e-05,11283,8.4,1.386
3470,1.0148,1.7e-05,11521,8.4,1.386
3480,0.9561,1.7e-05,11516,8.4,1.386
3490,0.9326,1.7e-05,11506,8.4,1.386
3500,0.9076,1.7e-05,11508,8.4,1.386
3510,0.8463,1.7e-05,11505,8.4,1.386
3520,0.8879,1.7e-05,11303,8.4,1.386
3530,0.7955,1.7e-05,11500,8.4,1.386
3540,0.9087,1.7e-05,11507,8.4,1.386
3550,0.9586,1.7e-05,11509,8.4,1.386
3560,0.8574,1.7e-05,11504,8.4,1.386
3570,0.9386,1.7e-05,11289,8.4,1.386
3580,0.8434,1.7e-05,11491,8.4,1.386
3590,0.8704,1.7e-05,11497,8.4,1.386
3600,0.9899,1.7e-05,11511,8.4,1.386
3610,0.9494,1.7e-05,11512,8.4,1.386
3620,0.9432,1.7e-05,11516,8.4,1.386
3630,1.012,1.7e-05,11289,8.5,1.386
3640,0.9416,1.7e-05,11507,8.4,1.386
3650,0.9112,1.7e-05,11513,8.4,1.386
3660,0.9809,1.7e-05,11499,8.5,1.386
3670,1.1026,1.6e-05,11511,8.4,1.386
3680,0.9728,1.6e-05,11517,8.5,1.386
3690,0.8567,1.6e-05,11288,8.4,1.386
3700,0.8966,1.6e-05,11498,8.4,1.386
3710,0.9028,1.6e-05,11500,8.4,1.386
3720,0.9392,1.6e-05,11499,8.4,1.386
3730,0.8999,1.6e-05,11511,8.4,1.386
3740,0.8612,1.6e-05,11514,8.4,1.386
3750,0.9456,1.6e-05,11306,8.5,1.386
3760,1.0025,1.6e-05,11504,8.4,1.386
3770,0.9217,1.6e-05,11500,8.4,1.386
3780,0.8433,1.6e-05,11489,8.4,1.386
3790,0.8838,1.6e-05,11517,8.4,1.386
3800,0.8957,1.6e-05,11494,8.4,1.386
3810,0.9139,1.6e-05,11297,8.4,1.386
3820,0.9273,1.6e-05,11509,8.4,1.386
3830,0.8377,1.6e-05,11496,8.4,1.386
3840,0.9414,1.6e-05,11524,8.4,1.386
3850,0.9461,1.6e-05,11513,8.4,1.386
3860,0.9698,1.6e-05,11511,8.4,1.386
3870,0.9157,1.6e-05,11256,8.4,1.386
3880,0.9118,1.6e-05,11508,8.4,1.386
3890,0.8931,1.6e-05,11497,8.4,1.386
3900,0.8688,1.6e-05,11497,8.4,1.386
3910,0.9487,1.6e-05,11489,8.5,1.386
3920,0.9085,1.6e-05,11235,8.4,1.386
3930,1.0006,1.6e-05,11526,8.4,1.386
3940,0.9402,1.6e-05,11511,8.4,1.386
3950,0.9482,1.6e-05,11520,8.4,1.386
3960,0.9252,1.6e-05,11481,8.4,1.386
3970,0.9074,1.6e-05,11472,8.4,1.386
3980,0.9323,1.6e-05,11181,8.5,1.386
3990,0.8815,1.6e-05,11491,8.4,1.386
4000,0.8273,1.6e-05,11477,8.4,1.386
4010,0.9146,1.6e-05,10524,8.4,1.386
4020,0.8498,1.6e-05,11480,8.4,1.386
4030,0.9139,1.6e-05,11514,8.4,1.386
4040,0.883,1.6e-05,11200,8.4,1.386
4050,0.8544,1.6e-05,11460,8.4,1.386
4060,0.8663,1.6e-05,11479,8.4,1.386
4070,0.9316,1.6e-05,11463,8.4,1.386
4080,0.8382,1.6e-05,11476,8.4,1.386
4090,0.8688,1.6e-05,11237,8.4,1.386
4100,0.9227,1.6e-05,11494,8.4,1.386
4110,0.9291,1.6e-05,11475,8.4,1.386
4120,0.8593,1.6e-05,11507,8.4,1.386
4130,0.8978,1.6e-05,11500,8.4,1.386
4140,0.8646,1.6e-05,11501,8.4,1.386
4150,0.9941,1.6e-05,11309,8.4,1.386
4160,0.8902,1.6e-05,11505,8.4,1.386
4170,0.8676,1.6e-05,11491,8.4,1.386
4180,0.9274,1.5e-05,11490,8.4,1.386
4190,0.8221,1.5e-05,11487,8.4,1.386
4200,0.8754,1.5e-05,11475,8.4,1.386
4210,0.844,1.5e-05,11319,8.4,1.386
4220,0.9511,1.5e-05,11477,8.4,1.386
4230,0.9645,1.5e-05,11485,8.4,1.386
4240,0.9891,1.5e-05,11504,8.4,1.386
4250,0.9412,1.5e-05,11487,8.4,1.386
4260,0.8657,1.5e-05,11498,8.4,1.386
4270,1.0351,1.5e-05,11299,8.4,1.386
4280,0.9228,1.5e-05,11504,8.4,1.386
4290,0.8619,1.5e-05,11488,8.4,1.386
4300,0.9289,1.5e-05,11498,8.4,1.386
4310,0.9532,1.5e-05,11515,8.4,1.386
4320,0.8993,1.5e-05,11301,8.4,1.386
4330,0.9305,1.5e-05,11509,8.4,1.386
4340,1.019,1.5e-05,11530,8.4,1.386
4350,0.9235,1.5e-05,11498,8.4,1.386
4360,0.9504,1.5e-05,11503,8.4,1.386
4370,0.8623,1.5e-05,11524,8.4,1.386
4380,0.9497,1.5e-05,11296,8.4,1.386
4390,0.947,1.5e-05,11506,8.4,1.386
4400,0.8987,1.5e-05,11510,8.5,1.386
4410,0.879,1.5e-05,11522,8.4,1.386
4420,0.9786,1.5e-05,11514,8.5,1.386
4430,0.9514,1.5e-05,11509,8.4,1.386
4440,0.9048,1.5e-05,11297,8.4,1.386
4450,0.9151,1.5e-05,11524,8.4,1.386
4460,0.9036,1.5e-05,11494,8.5,1.386
4470,0.8828,1.5e-05,11511,8.4,1.386
4480,0.9488,1.5e-05,11526,8.4,1.386
4490,0.8871,1.5e-05,11339,8.4,1.386
4500,0.9362,1.5e-05,11513,8.4,1.386
4510,0.9,1.5e-05,11507,8.4,1.386
4520,0.9954,1.5e-05,11508,8.4,1.386
4530,0.9174,1.5e-05,11499,8.4,1.386
4540,0.919,1.5e-05,11497,8.4,1.386
4550,0.972,1.5e-05,11306,8.4,1.386
4560,0.9197,1.5e-05,11486,8.4,1.386
4570,0.9209,1.5e-05,11498,8.4,1.386
4580,0.9668,1.5e-05,11515,8.5,1.386
4590,1.0209,1.5e-05,11510,8.4,1.386
4600,0.9419,1.5e-05,11267,8.4,1.386
4610,0.8853,1.5e-05,11518,8.4,1.386
4620,0.8866,1.5e-05,11498,8.4,1.386
4630,0.888,1.5e-05,11512,8.4,1.386
4640,0.8956,1.5e-05,11485,8.4,1.386
4650,0.8799,1.5e-05,11502,8.4,1.386
4660,0.8914,1.4e-05,11343,8.4,1.386
4670,0.9026,1.4e-05,11500,8.4,1.386
4680,0.841,1.4e-05,11516,8.4,1.386
4690,0.894,1.4e-05,11512,8.4,1.386
4700,0.9321,1.4e-05,11502,8.5,1.386
4710,0.9042,1.4e-05,11516,8.4,1.386
4720,0.9783,1.4e-05,11317,8.4,1.386
4730,0.8665,1.4e-05,11484,8.4,1.386
4740,0.8971,1.4e-05,11501,8.4,1.386
4750,0.9773,1.4e-05,11501,8.4,1.386
4760,0.8803,1.4e-05,11501,8.4,1.386
4770,0.8944,1.4e-05,11503,8.4,1.386
4780,0.9633,1.4e-05,11329,8.4,1.386
4790,0.9289,1.4e-05,11497,8.4,1.386
4800,0.8302,1.4e-05,11497,8.4,1.386
4810,0.8749,1.4e-05,11513,8.4,1.386
4820,0.9499,1.4e-05,11491,8.4,1.386
4830,0.871,1.4e-05,11498,8.4,1.386
4840,0.9217,1.4e-05,11333,8.4,1.386
4850,0.8515,1.4e-05,11518,8.4,1.386
4860,0.825,1.4e-05,11503,8.4,1.386
4870,0.8443,1.4e-05,11503,8.4,1.386
4880,0.9182,1.4e-05,11496,8.4,1.386
4890,0.8742,1.4e-05,11250,8.4,1.386
4900,0.8741,1.4e-05,11493,8.4,1.386
4910,0.916,1.4e-05,11507,8.4,1.386
4920,0.9721,1.4e-05,11525,8.5,1.386
4930,0.9665,1.4e-05,11517,8.5,1.386
4940,0.8772,1.4e-05,11522,8.4,1.386
4950,0.9393,1.4e-05,11345,8.4,1.386
4960,0.9537,1.4e-05,11507,8.4,1.386
4970,0.9135,1.4e-05,11517,8.4,1.386
4980,0.8261,1.4e-05,11498,8.4,1.386
4990,0.932,1.4e-05,11507,8.4,1.386
5000,0.9022,1.4e-05,11508,8.4,1.386
5010,0.9917,1.4e-05,11332,8.4,1.386
5020,0.8438,1.4e-05,11495,8.4,1.386
5030,0.8624,1.4e-05,11501,8.4,1.386
5040,0.8901,1.4e-05,11494,8.4,1.386
5050,0.8957,1.4e-05,11506,8.4,1.386
5060,0.8133,1.4e-05,11486,8.4,1.386
5070,0.8968,1.4e-05,11287,8.4,1.386
5080,0.9139,1.4e-05,11502,8.4,1.386
5090,0.9378,1.4e-05,11485,8.4,1.386
5100,0.848,1.4e-05,11478,8.4,1.386
5110,0.8625,1.3e-05,11445,8.4,1.386
5120,0.9307,1.3e-05,11484,8.4,1.386
5130,0.8913,1.3e-05,11193,8.4,1.386
5140,0.8802,1.3e-05,11482,8.4,1.386
5150,0.929,1.3e-05,11489,8.4,1.386
5160,0.9412,1.3e-05,11493,8.4,1.386
5170,0.8882,1.3e-05,11496,8.4,1.386
5180,0.9744,1.3e-05,11229,8.4,1.386
5190,0.9275,1.3e-05,11503,8.4,1.386
5200,0.8857,1.3e-05,11489,8.4,1.386
5210,0.8633,1.3e-05,11505,8.4,1.386
5220,0.8924,1.3e-05,11498,8.4,1.386
5230,0.8816,1.3e-05,11496,8.4,1.386
5240,0.9512,1.3e-05,11288,8.4,1.386
5250,1.0358,1.3e-05,11505,8.4,1.386
5260,0.8538,1.3e-05,11505,8.4,1.386
5270,0.8897,1.3e-05,11504,8.4,1.386
5280,0.8954,1.3e-05,11514,8.5,1.386
5290,0.9658,1.3e-05,11493,8.4,1.386
5300,0.8849,1.3e-05,11278,8.4,1.386
5310,0.8511,1.3e-05,11503,8.4,1.386
5320,0.9321,1.3e-05,11501,8.4,1.386
5330,0.8682,1.3e-05,11495,8.4,1.386
5340,0.9897,1.3e-05,11496,8.5,1.386
5350,0.8466,1.3e-05,11509,8.4,1.386
5360,0.9022,1.3e-05,11284,8.4,1.386
5370,0.8291,1.3e-05,11509,8.4,1.386
5380,0.9003,1.3e-05,11515,8.4,1.386
5390,0.8203,1.3e-05,11515,8.4,1.386
5400,0.8643,1.3e-05,11507,8.4,1.386
5410,0.8371,1.3e-05,11512,8.4,1.386
5420,0.8844,1.3e-05,11267,8.4,1.386
5430,0.9355,1.3e-05,11497,8.4,1.386
5440,0.816,1.3e-05,11477,8.4,1.386
5450,0.9202,1.3e-05,11497,8.4,1.386
5460,0.9377,1.3e-05,11503,8.4,1.386
5470,0.8729,1.3e-05,11509,8.4,1.386
5480,0.827,1.3e-05,11321,8.5,1.386
5490,0.8686,1.3e-05,11493,8.4,1.386
5500,0.9789,1.3e-05,11517,8.4,1.386
5510,0.9302,1.3e-05,11505,8.4,1.386
5520,0.8914,1.3e-05,11513,8.5,1.386
5530,0.8449,1.3e-05,11497,8.4,1.386
5540,0.7663,1.3e-05,11257,8.4,1.386
5550,0.9298,1.2e-05,11471,8.4,1.386
5560,0.9758,1.2e-05,11519,8.4,1.386
5570,0.8575,1.2e-05,11489,8.4,1.386
5580,0.8483,1.2e-05,11506,8.4,1.386
5590,0.8479,1.2e-05,11504,8.4,1.386
5600,0.8489,1.2e-05,11325,8.4,1.386
5610,0.8655,1.2e-05,11498,8.4,1.386
5620,0.8622,1.2e-05,11514,8.4,1.386
5630,0.9507,1.2e-05,11506,8.4,1.386
5640,0.9426,1.2e-05,11499,8.4,1.386
5650,0.8133,1.2e-05,11278,8.4,1.386
5660,0.8649,1.2e-05,11498,8.4,1.386
5670,0.8464,1.2e-05,11493,8.4,1.386
5680,0.914,1.2e-05,11507,8.4,1.386
5690,0.8384,1.2e-05,11496,8.4,1.386
5700,0.909,1.2e-05,11505,8.4,1.386
5710,0.9214,1.2e-05,11312,8.4,1.386
5720,0.8839,1.2e-05,11493,8.4,1.386
5730,0.8746,1.2e-05,11496,8.4,1.386
5740,0.7808,1.2e-05,11511,8.4,1.386
5750,0.8247,1.2e-05,11506,8.4,1.386
5760,0.9706,1.2e-05,11493,8.4,1.386
5770,0.8465,1.2e-05,11303,8.4,1.386
5780,0.9617,1.2e-05,11486,8.5,1.386
5790,1.0076,1.2e-05,11503,8.4,1.386
5800,0.9189,1.2e-05,11518,8.5,1.386
5810,0.9629,1.2e-05,11507,8.4,1.386
5820,0.9465,1.2e-05,11509,8.4,1.386
5830,0.8726,1.2e-05,11278,8.4,1.386
5840,0.9566,1.2e-05,11507,8.4,1.386
5850,0.857,1.2e-05,11495,8.4,1.386
5860,0.8731,1.2e-05,11507,8.4,1.386
5870,0.8403,1.2e-05,11504,8.4,1.386
5880,0.8787,1.2e-05,11316,8.5,1.386
5890,0.856,1.2e-05,11517,8.4,1.386
5900,0.8742,1.2e-05,11513,8.4,1.386
5910,0.9015,1.2e-05,11519,8.4,1.386
5920,0.8916,1.2e-05,11502,8.4,1.386
5930,0.866,1.2e-05,11506,8.4,1.386
5940,0.9365,1.2e-05,11345,8.4,1.386
5950,0.9638,1.2e-05,11515,8.5,1.386
5960,0.9686,1.2e-05,11501,8.4,1.386
5970,0.924,1.1e-05,11500,8.4,1.386
5980,0.8526,1.1e-05,11504,8.4,1.386
5990,0.9031,1.1e-05,11490,8.4,1.386
6000,0.8855,1.1e-05,11333,8.4,1.386
6010,0.9493,1.1e-05,10363,8.4,1.386
6020,0.8708,1.1e-05,11493,8.4,1.386
6030,0.9005,1.1e-05,11502,8.4,1.386
6040,0.9802,1.1e-05,11503,8.4,1.386
6050,0.9492,1.1e-05,11504,8.4,1.386
6060,0.8153,1.1e-05,11281,8.4,1.386
6070,0.8996,1.1e-05,11501,8.5,1.386
6080,0.8005,1.1e-05,11494,8.4,1.386
6090,0.9693,1.1e-05,11495,8.4,1.386
6100,0.9091,1.1e-05,11507,8.4,1.386
6110,0.8589,1.1e-05,11307,8.4,1.386
6120,0.8618,1.1e-05,11496,8.4,1.386
6130,0.8584,1.1e-05,11512,8.4,1.386
6140,0.8306,1.1e-05,11502,8.4,1.386
6150,0.8497,1.1e-05,11502,8.4,1.386
6160,0.9743,1.1e-05,11502,8.4,1.386
6170,0.8041,1.1e-05,11291,8.4,1.386
6180,0.9073,1.1e-05,11499,8.4,1.386
6190,0.8765,1.1e-05,11497,8.4,1.386
6200,0.8505,1.1e-05,11507,8.4,1.386
6210,0.8477,1.1e-05,11501,8.4,1.386
6220,1.0115,1.1e-05,11500,8.4,1.386
6230,0.9144,1.1e-05,11307,8.4,1.386
6240,0.7888,1.1e-05,11495,8.5,1.386
6250,0.8873,1.1e-05,11486,8.4,1.386
6260,0.9124,1.1e-05,11489,8.4,1.386
6270,0.9132,1.1e-05,11488,8.4,1.386
6280,0.8157,1.1e-05,11313,8.4,1.386
6290,0.8663,1.1e-05,11481,8.4,1.386
6300,0.844,1.1e-05,11501,8.4,1.386
6310,0.9483,1.1e-05,11495,8.4,1.386
6320,0.8986,1.1e-05,11507,8.4,1.386
6330,0.9233,1.1e-05,11510,8.4,1.386
6340,0.9438,1.1e-05,11320,8.4,1.386
6350,0.8477,1.1e-05,11471,8.4,1.386
6360,0.9299,1.1e-05,11465,8.4,1.386
6370,0.8607,1.1e-05,11475,8.4,1.386
6380,0.9575,1e-05,11512,8.5,1.386
6390,0.8987,1e-05,11492,8.4,1.386
6400,0.9064,1e-05,11254,8.4,1.386
6410,0.9672,1e-05,11511,8.4,1.386
6420,0.8446,1e-05,11515,8.4,1.386
6430,0.8152,1e-05,11500,8.4,1.386
6440,0.8783,1e-05,11509,8.5,1.386
6450,0.8833,1e-05,11504,8.4,1.386
6460,0.8901,1e-05,11320,8.4,1.386
6470,0.9046,1e-05,11493,8.4,1.386
6480,0.8981,1e-05,11496,8.4,1.386
6490,0.8746,1e-05,11497,8.4,1.386
6500,0.8913,1e-05,11507,8.4,1.386
6510,0.9405,1e-05,11272,8.4,1.386
6520,0.8882,1e-05,11506,8.4,1.386
6530,0.8445,1e-05,11513,8.4,1.386
6540,0.8977,1e-05,11505,8.4,1.386
6550,0.9317,1e-05,11517,8.4,1.386
6560,0.8934,1e-05,11500,8.4,1.386
6570,0.8953,1e-05,11317,8.4,1.386
6580,0.8532,1e-05,11498,8.4,1.386
6590,0.7913,1e-05,11507,8.4,1.386
6600,0.8549,1e-05,11500,8.4,1.386
6610,0.817,1e-05,11501,8.4,1.386
6620,0.9044,1e-05,11511,8.4,1.386
6630,0.8996,1e-05,11323,8.4,1.386
6640,0.8793,1e-05,11507,8.4,1.386
6650,0.9721,1e-05,11493,8.4,1.386
6660,0.9201,1e-05,11510,8.4,1.386
6670,0.8606,1e-05,11513,8.4,1.386
6680,0.8719,1e-05,11498,8.4,1.386
6690,0.8292,1e-05,11318,8.4,1.386
6700,0.9161,1e-05,11503,8.4,1.386
6710,0.8011,1e-05,11492,8.4,1.386
6720,0.845,1e-05,11504,8.4,1.386
6730,0.7947,1e-05,11476,8.4,1.386
6740,0.9107,1e-05,11516,8.4,1.386
6750,0.8641,1e-05,11327,8.4,1.386
6760,0.9235,1e-05,11510,8.4,1.386
6770,0.8427,1e-05,11521,8.5,1.386
6780,0.8706,1e-05,11504,8.4,1.386
6790,0.8473,9e-06,11501,8.4,1.386
6800,0.9066,9e-06,11514,8.4,1.386
6810,0.8436,9e-06,11336,8.4,1.386
6820,0.8957,9e-06,11488,8.4,1.386
6830,0.8487,9e-06,11502,8.4,1.386
6840,0.873,9e-06,11514,8.4,1.386
6850,0.907,9e-06,11523,8.5,1.386
6860,0.9032,9e-06,11329,8.5,1.386
6870,0.8303,9e-06,11506,8.4,1.386
6880,0.916,9e-06,11522,8.5,1.386
6890,0.8884,9e-06,11510,8.5,1.386
6900,0.8437,9e-06,11513,8.4,1.386
6910,0.852,9e-06,11506,8.4,1.386
6920,0.8827,9e-06,11308,8.4,1.386
6930,0.8701,9e-06,11491,8.4,1.386
6940,0.7862,9e-06,11500,8.4,1.386
6950,0.7771,9e-06,11504,8.4,1.386
6960,0.8051,9e-06,11503,8.4,1.386
6970,0.8385,9e-06,11496,8.4,1.386
6980,0.8269,9e-06,11317,8.4,1.386
6990,0.8832,9e-06,11500,8.4,1.386
7000,0.8586,9e-06,11500,8.4,1.386
7010,0.923,9e-06,11499,8.5,1.386
7020,0.8629,9e-06,11503,8.5,1.386
7030,0.8792,9e-06,11284,8.4,1.386
7040,0.8742,9e-06,11518,8.4,1.386
7050,0.9282,9e-06,11521,8.4,1.386
7060,0.8031,9e-06,11484,8.4,1.386
7070,0.8949,9e-06,11488,8.4,1.386
7080,0.8747,9e-06,11483,8.4,1.386
7090,0.8642,9e-06,11156,8.4,1.386
7100,0.8024,9e-06,11491,8.4,1.386
7110,0.8831,9e-06,11513,8.4,1.386
7120,0.8667,9e-06,11499,8.4,1.386
7130,0.8772,9e-06,11501,8.4,1.386
7140,0.8357,9e-06,11510,8.4,1.386
7150,0.7865,9e-06,11240,8.4,1.386
7160,0.8861,9e-06,11506,8.4,1.386
7170,0.8897,9e-06,11515,8.4,1.386
7180,0.8933,9e-06,11506,8.4,1.386
7190,0.8683,9e-06,11513,8.4,1.386
7200,0.8995,9e-06,11276,8.4,1.386
7210,0.9048,8e-06,11502,8.4,1.386
7220,0.8318,8e-06,11504,8.4,1.386
7230,0.8165,8e-06,11510,8.5,1.386
7240,0.846,8e-06,11501,8.4,1.386
7250,0.8228,8e-06,11511,8.4,1.386
7260,0.8211,8e-06,11277,8.4,1.386
7270,0.8471,8e-06,11500,8.4,1.386
7280,0.8374,8e-06,11505,8.4,1.386
7290,0.8732,8e-06,11498,8.4,1.386
7300,0.908,8e-06,11502,8.4,1.386
7310,0.8286,8e-06,11489,8.4,1.386
7320,0.8804,8e-06,11370,8.4,1.386
7330,0.8979,8e-06,11503,8.5,1.386
7340,0.8463,8e-06,11506,8.4,1.386
7350,0.768,8e-06,11496,8.4,1.386
7360,0.9434,8e-06,11508,8.4,1.386
7370,0.8668,8e-06,11509,8.5,1.386
7380,0.8057,8e-06,11317,8.4,1.386
7390,0.8123,8e-06,11510,8.4,1.386
7400,0.9697,8e-06,11504,8.4,1.386
7410,0.8461,8e-06,11511,8.4,1.386
7420,0.8717,8e-06,11504,8.4,1.386
7430,0.8372,8e-06,11291,8.4,1.386
7440,0.8887,8e-06,11502,8.4,1.386
7450,0.8398,8e-06,11513,8.4,1.386
7460,0.8141,8e-06,11515,8.5,1.386
7470,0.8772,8e-06,11501,8.4,1.386
7480,0.7935,8e-06,11511,8.4,1.386
7490,0.8712,8e-06,11314,8.4,1.386
7500,0.9446,8e-06,11502,8.4,1.386
7510,0.7865,8e-06,11501,8.4,1.386
7520,0.8967,8e-06,11501,8.4,1.386
7530,0.805,8e-06,11482,8.4,1.386
7540,0.8554,8e-06,11493,8.4,1.386
7550,0.8742,8e-06,11289,8.4,1.386
7560,0.8782,8e-06,11497,8.4,1.386
7570,0.8149,8e-06,11499,8.4,1.386
7580,0.832,8e-06,11497,8.4,1.386
7590,0.8376,8e-06,11498,8.4,1.386
7600,0.8438,8e-06,11490,8.4,1.386
7610,0.8767,8e-06,11330,8.4,1.386
7620,0.8728,8e-06,11507,8.4,1.386
7630,0.8531,7e-06,11501,8.4,1.386
7640,0.7428,7e-06,11498,8.4,1.386
7650,0.8719,7e-06,11498,8.4,1.386
7660,0.7392,7e-06,11484,8.4,1.386
7670,0.9137,7e-06,11292,8.4,1.386
7680,0.8539,7e-06,11520,8.4,1.386
7690,0.8227,7e-06,11501,8.4,1.386
7700,0.8487,7e-06,11508,8.5,1.386
7710,0.8636,7e-06,11497,8.4,1.386
7720,0.8517,7e-06,11300,8.4,1.386
7730,0.8247,7e-06,11482,8.4,1.386
7740,0.7923,7e-06,11505,8.4,1.386
7750,0.8549,7e-06,11499,8.4,1.386
7760,0.8114,7e-06,11496,8.4,1.386
7770,0.8301,7e-06,11511,8.4,1.386
7780,0.8865,7e-06,11299,8.4,1.386
7790,0.8999,7e-06,11497,8.4,1.386
7800,0.8768,7e-06,11483,8.4,1.386
7810,0.8403,7e-06,11490,8.4,1.386
7820,0.9265,7e-06,11488,8.4,1.386
7830,0.8214,7e-06,11486,8.4,1.386
7840,0.8369,7e-06,11315,8.4,1.386
7850,0.8159,7e-06,11495,8.4,1.386
7860,0.9404,7e-06,11518,8.4,1.386
7870,0.7871,7e-06,11508,8.4,1.386
7880,0.8423,7e-06,11506,8.4,1.386
7890,0.9488,7e-06,11303,8.4,1.386
7900,0.8367,7e-06,11524,8.4,1.386
7910,0.8254,7e-06,11502,8.4,1.386
7920,0.8607,7e-06,11498,8.4,1.386
7930,0.9155,7e-06,11493,8.4,1.386
7940,0.7669,7e-06,11506,8.4,1.386
7950,0.8926,7e-06,11251,8.4,1.386
7960,0.85,7e-06,11508,8.4,1.386
7970,0.8903,7e-06,11494,8.4,1.386
7980,0.8815,7e-06,11470,8.4,1.386
7990,0.862,7e-06,11471,8.4,1.386
8000,0.839,7e-06,11462,8.4,1.386
8010,0.8913,7e-06,10114,8.4,1.386
8020,0.8635,7e-06,11461,8.4,1.386
8030,0.8968,7e-06,11475,8.4,1.386
8040,0.891,7e-06,11489,8.5,1.386
8050,0.844,7e-06,11461,8.4,1.386
8060,0.871,6e-06,11485,8.4,1.386
8070,0.8384,6e-06,11288,8.4,1.386
8080,0.8905,6e-06,11503,8.4,1.386
8090,0.7418,6e-06,11487,8.4,1.386
8100,0.8875,6e-06,11480,8.4,1.386
8110,0.8153,6e-06,11501,8.4,1.386
8120,0.8986,6e-06,11493,8.4,1.386
8130,0.841,6e-06,11286,8.4,1.386
8140,0.768,6e-06,11515,8.4,1.386
8150,0.864,6e-06,11511,8.4,1.386
8160,0.8262,6e-06,11502,8.4,1.386
8170,0.8371,6e-06,11501,8.4,1.386
8180,0.8519,6e-06,11344,8.4,1.386
8190,0.8227,6e-06,11504,8.4,1.386
8200,0.8193,6e-06,11498,8.4,1.386
8210,0.8459,6e-06,11482,8.4,1.386
8220,0.9354,6e-06,11502,8.4,1.386
8230,0.8559,6e-06,11492,8.4,1.386
8240,0.8334,6e-06,11318,8.4,1.386
8250,0.8241,6e-06,11501,8.4,1.386
8260,0.8319,6e-06,11500,8.4,1.386
8270,0.9044,6e-06,11511,8.5,1.386
8280,0.8582,6e-06,11514,8.4,1.386
8290,0.9192,6e-06,11499,8.4,1.386
8300,0.852,6e-06,11295,8.4,1.386
8310,0.7828,6e-06,11502,8.4,1.386
8320,0.8969,6e-06,11456,8.4,1.386
8330,0.8258,6e-06,11488,8.4,1.386
8340,0.898,6e-06,11471,8.4,1.386
8350,0.8998,6e-06,11481,8.4,1.386
8360,0.8199,6e-06,11195,8.5,1.386
8370,0.8068,6e-06,11486,8.4,1.386
8380,0.8617,6e-06,11466,8.5,1.386
8390,0.8995,6e-06,11464,8.4,1.386
8400,0.7998,6e-06,11487,8.4,1.386
8410,0.8702,6e-06,11457,8.5,1.386
8420,0.8504,6e-06,11197,8.4,1.386
8430,0.8232,6e-06,11453,8.4,1.386
8440,0.8627,6e-06,11470,8.4,1.386
8450,0.8091,6e-06,11483,8.4,1.386
8460,0.8695,6e-06,11458,8.4,1.386
8470,0.7954,6e-06,11458,8.4,1.386
8480,0.8567,6e-06,11172,8.5,1.386
8490,0.8707,6e-06,11466,8.4,1.386
8500,0.8581,6e-06,11473,8.4,1.386
8510,0.8519,6e-06,11473,8.4,1.386
8520,0.8149,5e-06,11470,8.4,1.386
8530,0.8039,5e-06,11478,8.4,1.386
8540,0.8571,5e-06,11121,8.4,1.386
8550,0.81,5e-06,11478,8.4,1.386
8560,0.8428,5e-06,11471,8.5,1.386
8570,0.8743,5e-06,11463,8.4,1.386
8580,0.8613,5e-06,11475,8.4,1.386
8590,0.8725,5e-06,11209,8.4,1.386
8600,0.7864,5e-06,11472,8.4,1.386
8610,0.8238,5e-06,11488,8.4,1.386
8620,0.7746,5e-06,11471,8.4,1.386
8630,0.9566,5e-06,11471,8.4,1.386
8640,0.8295,5e-06,11471,8.4,1.386
8650,0.8488,5e-06,11105,8.4,1.386
8660,0.8438,5e-06,11483,8.4,1.386
8670,0.8906,5e-06,11464,8.4,1.386
8680,0.8871,5e-06,11465,8.5,1.386
8690,0.7958,5e-06,11481,8.4,1.386
8700,0.9128,5e-06,11516,8.4,1.386
8710,0.8957,5e-06,11205,8.4,1.386
8720,0.8602,5e-06,11473,8.4,1.386
8730,0.8118,5e-06,11473,8.4,1.386
8740,0.8333,5e-06,11473,8.4,1.386
8750,0.8473,5e-06,11456,8.4,1.386
8760,0.8764,5e-06,11475,8.4,1.386
8770,0.8826,5e-06,11162,8.4,1.386
8780,0.8617,5e-06,11478,8.4,1.386
8790,0.8792,5e-06,11488,8.4,1.386
8800,0.8866,5e-06,11467,8.4,1.386
8810,0.9482,5e-06,11483,8.4,1.386
8820,0.8479,5e-06,11475,8.4,1.386
8830,0.8473,5e-06,11196,8.4,1.386
8840,0.8832,5e-06,11464,8.4,1.386
8850,0.8613,5e-06,11465,8.4,1.386
8860,0.7265,5e-06,11468,8.4,1.386
8870,0.7892,5e-06,11473,8.4,1.386
8880,0.7797,5e-06,10995,8.4,1.386
8890,0.8205,5e-06,11457,8.4,1.386
8900,0.8892,5e-06,11472,8.4,1.386
8910,0.803,5e-06,11486,8.4,1.386
8920,0.8829,5e-06,11508,8.4,1.386
8930,0.8088,5e-06,11484,8.4,1.386
8940,0.9006,5e-06,11281,8.5,1.386
8950,0.8062,5e-06,11473,8.4,1.386
8960,0.962,5e-06,11485,8.4,1.386
8970,0.9285,5e-06,11474,8.4,1.386
8980,0.8787,5e-06,11498,8.4,1.386
8990,0.8533,4e-06,11491,8.4,1.386
9000,0.8609,4e-06,11225,8.4,1.386
9010,0.8784,4e-06,11525,8.4,1.386
9020,0.8237,4e-06,11478,8.4,1.386
9030,0.885,4e-06,11490,8.4,1.386
9040,0.8873,4e-06,11506,8.4,1.386
9050,0.9505,4e-06,11510,8.4,1.386
9060,0.8035,4e-06,11302,8.4,1.386
9070,0.8388,4e-06,11511,8.4,1.386
9080,0.8429,4e-06,11498,8.4,1.386
9090,0.7626,4e-06,11496,8.4,1.386
9100,0.9117,4e-06,11496,8.4,1.386
9110,0.8003,4e-06,11298,8.4,1.386
9120,0.777,4e-06,11503,8.4,1.386
9130,0.8643,4e-06,11497,8.4,1.386
9140,0.8119,4e-06,11507,8.4,1.386
9150,0.9259,4e-06,11493,8.4,1.386
9160,0.8558,4e-06,11510,8.4,1.386
9170,0.873,4e-06,11314,8.4,1.386
9180,0.8372,4e-06,11504,8.4,1.386
9190,0.7796,4e-06,11492,8.4,1.386
9200,0.8596,4e-06,11492,8.4,1.386
9210,0.8898,4e-06,11499,8.4,1.386
9220,0.7915,4e-06,11510,8.4,1.386
9230,0.8762,4e-06,11312,8.4,1.386
9240,0.9007,4e-06,11498,8.4,1.386
9250,0.8558,4e-06,11501,8.4,1.386
9260,0.868,4e-06,11497,8.4,1.386
9270,0.8228,4e-06,11505,8.4,1.386
9280,0.8306,4e-06,11501,8.4,1.386
9290,0.8365,4e-06,11265,8.4,1.386
9300,0.8156,4e-06,11485,8.4,1.386
9310,0.771,4e-06,11499,8.4,1.386
9320,0.8845,4e-06,11510,8.4,1.386
9330,0.7716,4e-06,11503,8.4,1.386
9340,0.8293,4e-06,11309,8.4,1.386
9350,0.8332,4e-06,11490,8.4,1.386
9360,0.8732,4e-06,11496,8.4,1.386
9370,0.916,4e-06,11499,8.4,1.386
9380,0.8496,4e-06,11513,8.4,1.386
9390,0.85,4e-06,11491,8.4,1.386
9400,0.843,4e-06,11239,8.4,1.386
9410,0.8298,4e-06,11507,8.4,1.386
9420,0.8687,4e-06,11501,8.4,1.386
9430,0.8726,4e-06,11508,8.4,1.386
9440,0.9092,4e-06,11501,8.4,1.386
9450,0.8684,4e-06,11510,8.4,1.386
9460,0.8758,4e-06,11300,8.4,1.386
9470,0.8706,4e-06,11490,8.4,1.386
9480,0.8579,4e-06,11510,8.4,1.386
9490,0.8385,4e-06,11507,8.4,1.386
9500,0.884,4e-06,11488,8.4,1.386
9510,0.8535,3e-06,11507,8.4,1.386
9520,0.7737,3e-06,11258,8.4,1.386
9530,0.8685,3e-06,11502,8.4,1.386
9540,0.8221,3e-06,11502,8.5,1.386
9550,0.8192,3e-06,11517,8.5,1.386
9560,0.8687,3e-06,11504,8.4,1.386
9570,0.806,3e-06,11286,8.4,1.386
9580,0.8416,3e-06,11503,8.5,1.386
9590,0.9241,3e-06,11494,8.4,1.386
9600,0.7306,3e-06,11520,8.5,1.386
9610,0.7643,3e-06,11495,8.4,1.386
9620,0.75,3e-06,11495,8.4,1.386
9630,0.8206,3e-06,11274,8.4,1.386
9640,0.8892,3e-06,11484,8.4,1.386
9650,0.8612,3e-06,11501,8.4,1.386
9660,0.8528,3e-06,11500,8.4,1.386
9670,0.8351,3e-06,11501,8.4,1.386
9680,0.9216,3e-06,11507,8.4,1.386
9690,0.8088,3e-06,11307,8.4,1.386
9700,0.7716,3e-06,11498,8.5,1.386
9710,0.8297,3e-06,11495,8.4,1.386
9720,0.8146,3e-06,11483,8.4,1.386
9730,0.8084,3e-06,11513,8.5,1.386
9740,0.8807,3e-06,11286,8.4,1.386
9750,0.8423,3e-06,11510,8.4,1.386
9760,0.8335,3e-06,11495,8.4,1.386
9770,0.8317,3e-06,11510,8.4,1.386
9780,0.8409,3e-06,11500,8.4,1.386
9790,0.751,3e-06,11506,8.4,1.386
9800,0.8929,3e-06,11287,8.5,1.386
9810,0.896,3e-06,11504,8.4,1.386
9820,0.8397,3e-06,11493,8.4,1.386
9830,0.9203,3e-06,11505,8.4,1.386
9840,0.8414,3e-06,11502,8.4,1.386
9850,0.7304,3e-06,11490,8.4,1.386
9860,0.837,3e-06,11283,8.4,1.386
9870,0.8309,3e-06,11506,8.4,1.386
9880,0.8494,3e-06,11503,8.4,1.386
9890,0.8647,3e-06,11507,8.4,1.386
9900,0.8601,3e-06,11509,8.4,1.386
9910,0.8782,3e-06,11517,8.4,1.386
9920,0.9208,3e-06,11299,8.4,1.386
9930,0.8988,3e-06,11495,8.4,1.386
9940,0.8216,3e-06,11499,8.4,1.386
9950,0.8173,3e-06,11521,8.4,1.386
9960,0.7485,3e-06,11497,8.4,1.386
9970,0.7944,3e-06,11307,8.4,1.386
9980,0.8079,3e-06,11509,8.4,1.386
9990,0.8664,3e-06,11497,8.4,1.386
10000,0.8928,3e-06,11515,8.5,1.386
10010,0.8678,3e-06,10154,8.4,1.386
10020,0.8988,3e-06,11485,8.4,1.386
10030,0.7972,3e-06,11130,8.4,1.386
10040,0.8454,3e-06,11472,8.4,1.386
10050,0.8076,3e-06,11486,8.5,1.386
10060,0.807,3e-06,11505,8.4,1.386
10070,0.83,3e-06,11500,8.4,1.386
10080,0.854,3e-06,11497,8.4,1.386
10090,0.8777,2e-06,11269,8.4,1.386
10100,0.9136,2e-06,11497,8.4,1.386
10110,0.8482,2e-06,11507,8.4,1.386
10120,0.8655,2e-06,11512,8.4,1.386
10130,0.9366,2e-06,11506,8.4,1.386
10140,0.8099,2e-06,11505,8.4,1.386
10150,0.8016,2e-06,11311,8.4,1.386
10160,0.7771,2e-06,11511,8.5,1.386
10170,0.87,2e-06,11506,8.4,1.386
10180,0.8162,2e-06,11503,8.4,1.386
10190,0.8048,2e-06,11507,8.4,1.386
10200,0.7907,2e-06,11503,8.4,1.386
10210,0.8367,2e-06,11299,8.4,1.386
10220,0.8083,2e-06,11503,8.4,1.386
10230,0.833,2e-06,11523,8.4,1.386
10240,0.8665,2e-06,11510,8.4,1.386
10250,0.8524,2e-06,11521,8.4,1.386
10260,0.7674,2e-06,11324,8.4,1.386
10270,0.8569,2e-06,11504,8.4,1.386
10280,0.8625,2e-06,11507,8.5,1.386
10290,0.8042,2e-06,11513,8.4,1.386
10300,0.8024,2e-06,11518,8.4,1.386
10310,0.8481,2e-06,11494,8.5,1.386
10320,0.832,2e-06,11318,8.4,1.386
10330,0.8186,2e-06,11502,8.4,1.386
10340,0.841,2e-06,11501,8.4,1.386
10350,0.8584,2e-06,11505,8.5,1.386
10360,0.903,2e-06,11510,8.4,1.386
10370,0.8218,2e-06,11508,8.4,1.386
10380,0.8721,2e-06,11254,8.4,1.386
10390,0.8371,2e-06,11505,8.4,1.386
10400,0.7897,2e-06,11484,8.4,1.386
10410,0.8323,2e-06,11487,8.4,1.386
10420,0.9101,2e-06,11511,8.4,1.386
10430,0.8131,2e-06,11490,8.4,1.386
10440,0.8797,2e-06,11295,8.4,1.386
10450,0.8256,2e-06,11520,8.4,1.386
10460,0.7939,2e-06,11511,8.4,1.386
10470,0.8223,2e-06,11526,8.4,1.386
10480,0.8338,2e-06,11483,8.4,1.386
10490,0.7839,2e-06,11470,8.4,1.386
10500,0.7721,2e-06,11132,8.4,1.386
10510,0.8469,2e-06,11499,8.5,1.386
10520,0.8867,2e-06,11505,8.4,1.386
10530,0.7937,2e-06,11491,8.4,1.386
10540,0.8505,2e-06,11493,8.4,1.386
10550,0.8414,2e-06,11503,8.4,1.386
10560,0.8414,2e-06,11273,8.4,1.386
10570,0.7835,2e-06,11505,8.4,1.386
10580,0.876,2e-06,11512,8.5,1.386
10590,0.8395,2e-06,11496,8.4,1.386
10600,0.825,2e-06,11504,8.5,1.386
10610,0.8947,2e-06,11511,8.4,1.386
10620,0.8417,2e-06,11299,8.4,1.386
10630,0.8795,2e-06,11485,8.4,1.386
10640,0.8978,2e-06,11475,8.4,1.386
10650,0.8577,2e-06,11491,8.4,1.386
10660,0.8731,2e-06,11491,8.4,1.386
10670,0.8021,2e-06,11197,8.4,1.386
10680,0.7377,2e-06,11494,8.4,1.386
10690,0.8248,2e-06,11467,8.4,1.386
10700,0.8199,2e-06,11476,8.4,1.386
10710,0.8562,2e-06,11474,8.4,1.386
10720,0.8468,2e-06,11480,8.4,1.386
10730,0.8303,2e-06,11102,8.4,1.386
10740,0.8201,2e-06,11506,8.4,1.386
10750,0.7991,2e-06,11496,8.4,1.386
10760,0.9453,2e-06,11490,8.4,1.386
10770,0.863,2e-06,11482,8.4,1.386
10780,0.7937,1e-06,11490,8.4,1.386
10790,0.9624,1e-06,11197,8.4,1.386
10800,0.8455,1e-06,11495,8.4,1.386
10810,0.7952,1e-06,11493,8.4,1.386
10820,0.738,1e-06,11487,8.4,1.386
10830,0.8621,1e-06,11494,8.4,1.386
10840,0.8324,1e-06,11502,8.4,1.386
10850,0.8511,1e-06,11170,8.4,1.386
10860,0.8774,1e-06,11481,8.4,1.386
10870,0.8352,1e-06,11497,8.4,1.386
10880,0.8109,1e-06,11490,8.4,1.386
10890,0.8741,1e-06,11487,8.4,1.386
10900,0.8999,1e-06,11208,8.4,1.386
10910,0.861,1e-06,11504,8.4,1.386
10920,0.7978,1e-06,11494,8.4,1.386
10930,0.8507,1e-06,11491,8.4,1.386
10940,0.8467,1e-06,11490,8.4,1.386
10950,0.8139,1e-06,11488,8.4,1.386
10960,0.8611,1e-06,11153,8.4,1.386
10970,0.8368,1e-06,11479,8.4,1.386
10980,0.8312,1e-06,11495,8.4,1.386
10990,0.9215,1e-06,11493,8.4,1.386
11000,0.8389,1e-06,11489,8.4,1.386
11010,0.8785,1e-06,11175,8.4,1.386
11020,0.8935,1e-06,11509,8.4,1.386
11030,0.858,1e-06,11495,8.4,1.386
11040,0.7352,1e-06,11495,8.4,1.386
11050,0.8569,1e-06,11500,8.4,1.386
11060,0.7414,1e-06,11485,8.4,1.386
11070,0.7927,1e-06,11148,8.4,1.386
11080,0.7914,1e-06,11497,8.4,1.386
11090,0.8645,1e-06,11507,8.4,1.386
11100,0.7549,1e-06,11493,8.4,1.386
11110,0.8827,1e-06,11483,8.4,1.386
11120,0.8233,1e-06,11483,8.5,1.386
11130,0.8427,1e-06,11186,8.4,1.386
11140,0.7916,1e-06,11466,8.4,1.386
11150,0.8215,1e-06,11480,8.4,1.386
11160,0.8158,1e-06,11500,8.4,1.386
11170,0.8425,1e-06,11469,8.4,1.386
11180,0.7894,1e-06,11503,8.4,1.386
11190,0.758,1e-06,11193,8.4,1.386
11200,0.9216,1e-06,11470,8.4,1.386
11210,0.8379,1e-06,11496,8.4,1.386
11220,0.8251,1e-06,11488,8.4,1.386
11230,0.7979,1e-06,11475,8.4,1.386
11240,0.8173,1e-06,11493,8.4,1.386
11250,0.8684,1e-06,11272,8.4,1.386
11260,0.8376,1e-06,11477,8.4,1.386
11270,0.8521,1e-06,11483,8.4,1.386
11280,0.8432,1e-06,11476,8.4,1.386
11290,0.8313,1e-06,11481,8.4,1.386
11300,0.828,1e-06,11495,8.4,1.386
11310,0.8358,1e-06,11206,8.4,1.386
11320,0.8933,1e-06,11490,8.4,1.386
11330,0.843,1e-06,11496,8.4,1.386
11340,0.8233,1e-06,11483,8.4,1.386
11350,0.8483,1e-06,11488,8.4,1.386
11360,0.7875,1e-06,11239,8.4,1.386
11370,0.7382,1e-06,11486,8.4,1.386
11380,0.8453,1e-06,11486,8.4,1.386
11390,0.7657,1e-06,11487,8.4,1.386
11400,0.8646,1e-06,11458,8.4,1.386
11410,0.7626,1e-06,11493,8.5,1.386
11420,0.8273,1e-06,11190,8.4,1.386
11430,0.836,1e-06,11494,8.4,1.386
11440,0.8622,1e-06,11480,8.4,1.386
11450,0.8739,1e-06,11479,8.4,1.386
11460,0.8203,1e-06,11484,8.4,1.386
11470,0.8219,1e-06,11484,8.4,1.386
11480,0.8586,1e-06,11252,8.4,1.386
11490,0.7916,1e-06,11481,8.4,1.386
11500,0.8339,1e-06,11481,8.4,1.386
11510,0.9307,1e-06,11467,8.4,1.386
11520,0.8315,1e-06,11482,8.4,1.386
11530,0.7927,1e-06,11481,8.4,1.386
11540,0.8557,1e-06,11175,8.4,1.386
11550,0.7797,1e-06,11471,8.4,1.386
11560,0.8353,1e-06,11464,8.4,1.386
11570,0.8788,1e-06,11473,8.4,1.386
11580,0.8967,1e-06,11495,8.4,1.386
11590,0.8064,1e-06,11229,8.4,1.386
11600,0.8093,1e-06,11483,8.4,1.386
11610,0.8509,1e-06,11493,8.4,1.386
11620,0.7762,1e-06,11488,8.4,1.386
11630,0.8539,1e-06,11484,8.4,1.386
11640,0.7833,1e-06,11482,8.4,1.386
11650,0.8925,1e-06,11253,8.4,1.386
11660,0.8367,1e-06,11474,8.4,1.386
11670,0.8692,1e-06,11495,8.4,1.386
11680,0.8483,1e-06,11504,8.4,1.386
11690,0.7455,1e-06,11482,8.4,1.386
11700,0.8274,1e-06,11194,8.4,1.386
11710,0.8452,1e-06,11477,8.4,1.386
11720,0.7847,1e-06,11469,8.4,1.386
11730,0.9009,1e-06,11484,8.4,1.386
11740,0.845,1e-06,11491,8.4,1.386
11750,0.7866,1e-06,11489,8.4,1.386
11760,0.9096,0.0,11143,8.4,1.386
11770,0.8547,0.0,11482,8.4,1.386
11780,0.8323,0.0,11461,8.4,1.386
11790,0.8601,0.0,11482,8.4,1.386
11800,0.7705,0.0,11489,8.4,1.386
11810,0.7895,0.0,11470,8.4,1.386
11820,0.8786,0.0,11277,8.4,1.386
11830,0.8046,0.0,11485,8.4,1.386
11840,0.7866,0.0,11493,8.4,1.386
11850,0.8539,0.0,11468,8.4,1.386
11860,0.9284,0.0,11471,8.5,1.386
11870,0.9744,0.0,11483,8.4,1.386
11880,0.8104,0.0,11176,8.4,1.386
11890,0.8287,0.0,11471,8.4,1.386
11900,0.8176,0.0,11485,8.4,1.386
11910,0.7932,0.0,11473,8.4,1.386
11920,0.8221,0.0,11468,8.4,1.386
11930,0.7767,0.0,11491,8.4,1.386
11940,0.8009,0.0,11215,8.4,1.386
11950,0.8361,0.0,11476,8.4,1.386
11960,0.7763,0.0,11498,8.4,1.386
11970,0.8344,0.0,11474,8.4,1.386
11980,0.8492,0.0,11475,8.5,1.386
11990,0.8404,0.0,11473,8.4,1.386
12000,0.8951,0.0,11153,8.4,1.386
12010,0.8513,0.0,7539,8.4,1.386
12020,0.7729,0.0,11477,8.4,1.386
12030,0.8633,0.0,11470,8.4,1.386
12040,0.8253,0.0,11479,8.4,1.386
12050,0.8985,0.0,11469,8.4,1.386
12060,0.8501,0.0,11235,8.4,1.386
12070,0.7626,0.0,11478,8.4,1.386
12080,0.8226,0.0,11470,8.4,1.386
12090,0.9029,0.0,11481,8.4,1.386
12100,0.8647,0.0,11463,8.4,1.386
12110,0.8027,0.0,11204,8.4,1.386
12120,0.8979,0.0,11457,8.4,1.386
12130,0.9072,0.0,11480,8.5,1.386
12140,0.9574,0.0,11490,8.4,1.386
12150,0.8201,0.0,11468,8.4,1.386
12160,0.8441,0.0,11487,8.4,1.386
12170,0.8233,0.0,11218,8.4,1.386
12180,0.7982,0.0,11460,8.5,1.386
12190,0.8248,0.0,11477,8.4,1.386
12200,0.8128,0.0,11479,8.4,1.386
12210,0.8168,0.0,11495,8.4,1.386
12220,0.8744,0.0,11466,8.4,1.386
12230,0.8485,0.0,11200,8.4,1.386
12240,0.736,0.0,11482,8.4,1.386
12250,0.903,0.0,11494,8.4,1.386
12260,0.8894,0.0,11494,8.4,1.386
12270,0.8437,0.0,11493,8.4,1.386
12280,0.8597,0.0,11496,8.4,1.386
12290,0.795,0.0,11178,8.4,1.386
12300,0.8902,0.0,11481,8.4,1.386
12310,0.7567,0.0,11475,8.4,1.386
12320,0.8268,0.0,11478,8.4,1.386
12330,0.877,0.0,11496,8.4,1.386
12340,0.8866,0.0,11496,8.4,1.386
12350,0.912,0.0,11246,8.4,1.386
12360,0.8277,0.0,11459,8.4,1.386
12370,0.8691,0.0,11497,8.4,1.386
12380,0.8868,0.0,11491,8.4,1.386
12390,0.7669,0.0,11481,8.4,1.386
12400,0.7969,0.0,11491,8.4,1.386
12410,0.8555,0.0,11266,8.4,1.386
12420,0.8693,0.0,11498,8.4,1.386
12430,0.7971,0.0,11500,8.4,1.386
12440,0.8411,0.0,11501,8.4,1.386
12450,0.8375,0.0,11484,8.4,1.386
12460,0.7861,0.0,11487,8.4,1.386
12470,0.7099,0.0,11203,8.4,1.386
12480,0.8319,0.0,11476,8.4,1.386
12490,0.8849,0.0,11467,8.4,1.386
12500,0.9327,0.0,11480,8.4,1.386
12510,0.8071,0.0,11474,8.4,1.386
12520,0.8258,0.0,11486,8.4,1.386
12530,0.7598,0.0,11156,8.4,1.386
12540,0.9065,0.0,11508,8.4,1.386
12550,0.8479,0.0,11520,8.4,1.386
12560,0.7881,0.0,11523,8.4,1.386
12570,0.7954,0.0,11521,8.4,1.386
12580,0.8504,0.0,11254,8.4,1.386
12590,0.8839,0.0,11485,8.4,1.386
12600,0.7978,0.0,11493,8.4,1.386
12610,0.7848,0.0,11508,8.4,1.386
12620,0.9534,0.0,11512,8.4,1.386
12630,0.8144,0.0,11521,8.4,1.386
12640,0.8568,0.0,11192,8.4,1.386
12650,0.8016,0.0,11500,8.4,1.386
12660,0.8058,0.0,11511,8.4,1.386
12670,0.8406,0.0,11501,8.4,1.386
12680,0.8541,0.0,11499,8.4,1.386
12690,0.9115,0.0,11507,8.5,1.386
12700,0.8889,0.0,11275,8.4,1.386
12710,0.7874,0.0,11515,8.4,1.386
12720,0.8456,0.0,11509,8.5,1.386
12730,0.9122,0.0,11510,8.4,1.386
12740,0.8512,0.0,11504,8.4,1.386
12750,0.8593,0.0,11505,8.4,1.386
12760,0.8328,0.0,11288,8.4,1.386
12770,0.831,0.0,11506,8.4,1.386
12780,0.9801,0.0,11521,8.4,1.386
12790,0.8066,0.0,11513,8.4,1.386
12800,0.8377,0.0,11511,8.4,1.386
12810,0.7534,0.0,11505,8.4,1.386
12820,0.8546,0.0,11257,8.4,1.386
12830,0.8777,0.0,11524,8.4,1.386
12840,0.9688,0.0,11501,8.4,1.386
12850,0.7593,0.0,11480,8.4,1.386
12860,0.8098,0.0,11511,8.4,1.386
12870,0.9207,0.0,11502,8.4,1.386
12880,0.8009,0.0,11279,8.4,1.386
12890,0.8472,0.0,11489,8.4,1.386
12900,0.8171,0.0,11499,8.4,1.386
12910,0.8714,0.0,11497,8.4,1.386
12920,0.8358,0.0,11510,8.4,1.386
12930,0.8841,0.0,11260,8.4,1.386
12940,0.8323,0.0,11499,8.4,1.386
12950,0.7951,0.0,11518,8.4,1.386
12960,0.9099,0.0,11502,8.4,1.386
12970,0.9106,0.0,11509,8.4,1.386
12980,0.7154,0.0,11512,8.4,1.386
12990,0.878,0.0,11259,8.4,1.386
13000,0.8225,0.0,11513,8.4,1.386
13010,0.7812,0.0,11515,8.4,1.386
13020,0.9523,0.0,11513,8.4,1.386
13030,0.7609,0.0,11504,8.5,1.386
13040,0.7948,0.0,11503,8.4,1.386
13050,0.8474,0.0,11283,8.4,1.386
13060,0.9101,0.0,11511,8.4,1.386
