step,loss,lr,tau,tokens_per_sec,static_entropy
10,12.1328,1e-06,1.0,11769,1.386
20,11.9531,1e-06,0.999,11756,1.386
30,11.4922,2e-06,0.999,11783,1.386
40,10.9102,2e-06,0.998,11762,1.386
50,10.4961,3e-06,0.998,11832,1.386
60,10.3047,3e-06,0.997,11997,1.386
70,10.0781,4e-06,0.997,11978,1.386
80,9.5859,4e-06,0.996,11990,1.386
90,9.457,5e-06,0.996,11979,1.386
100,9.2305,5e-06,0.995,11970,1.386
110,8.7539,6e-06,0.995,11963,1.386
120,8.5312,6e-06,0.995,11978,1.386
130,8.4395,7e-06,0.994,11981,1.386
140,8.3828,7e-06,0.994,11966,1.386
150,8.4492,8e-06,0.993,11977,1.386
160,8.1738,8e-06,0.993,11968,1.386
170,8.1465,9e-06,0.992,11873,1.386
180,8.0879,9e-06,0.992,11768,1.386
190,8.0352,1e-05,0.991,11774,1.386
200,7.9902,1e-05,0.991,11768,1.386
210,7.8789,1e-05,0.99,11764,1.386
220,7.627,1.1e-05,0.99,11840,1.386
230,7.7246,1.2e-05,0.989,11987,1.386
240,7.2773,1.2e-05,0.989,11986,1.386
250,7.291,1.3e-05,0.989,11980,1.386
260,7.2129,1.3e-05,0.988,11776,1.386
270,7.2383,1.4e-05,0.988,11746,1.386
280,7.4805,1.4e-05,0.987,11733,1.386
290,6.9531,1.5e-05,0.987,11741,1.386
300,6.5742,1.5e-05,0.986,11883,1.386
310,6.4844,1.6e-05,0.986,11914,1.386
320,6.2969,1.6e-05,0.985,11949,1.386
330,6.3008,1.7e-05,0.985,11834,1.386
340,6.332,1.7e-05,0.984,11735,1.386
350,6.1641,1.7e-05,0.984,11757,1.386
360,6.0059,1.8e-05,0.983,11747,1.386
370,5.8828,1.8e-05,0.983,11769,1.386
380,6.0703,1.9e-05,0.983,11737,1.386
390,5.9883,2e-05,0.982,11726,1.386
400,5.8613,2e-05,0.982,11727,1.386
410,5.7363,2.1e-05,0.981,11742,1.386
420,6.2285,2.1e-05,0.981,11721,1.386
430,5.7344,2.2e-05,0.98,11840,1.386
440,5.8262,2.2e-05,0.98,11808,1.386
450,5.6621,2.3e-05,0.979,11754,1.386
460,5.9297,2.3e-05,0.979,11760,1.386
470,5.6992,2.3e-05,0.978,11762,1.386
480,5.5879,2.4e-05,0.978,11758,1.386
490,5.5176,2.4e-05,0.977,11754,1.386
500,5.4609,2.5e-05,0.977,11751,1.386
510,5.5391,2.6e-05,0.977,11756,1.386
520,5.4414,2.6e-05,0.976,11760,1.386
530,5.377,2.7e-05,0.976,11754,1.386
540,5.2324,2.7e-05,0.975,11766,1.386
550,5.1973,2.8e-05,0.975,11771,1.386
560,5.3691,2.8e-05,0.974,11761,1.386
570,5.0898,2.8e-05,0.974,11744,1.386
580,4.9805,2.9e-05,0.973,11753,1.386
590,5.3828,2.9e-05,0.973,11753,1.386
600,4.9141,3e-05,0.972,11737,1.386
610,4.9844,3e-05,0.972,11750,1.386
620,4.959,3.1e-05,0.971,11917,1.386
630,4.8477,3.1e-05,0.971,11948,1.386
640,4.7754,3.2e-05,0.971,11943,1.386
650,4.9629,3.3e-05,0.97,11935,1.386
660,5.5156,3.3e-05,0.97,11761,1.386
670,4.7891,3.4e-05,0.969,11893,1.386
680,4.791,3.4e-05,0.969,11971,1.386
690,4.6465,3.4e-05,0.968,11963,1.386
700,4.9785,3.5e-05,0.968,11891,1.386
710,4.4424,3.6e-05,0.967,11802,1.386
720,4.3477,3.6e-05,0.967,11940,1.386
730,4.8008,3.6e-05,0.966,11923,1.386
740,4.7012,3.7e-05,0.966,11935,1.386
750,4.5098,3.8e-05,0.965,11903,1.386
760,4.7852,3.8e-05,0.965,11753,1.386
770,4.4443,3.9e-05,0.965,11970,1.386
780,4.3555,3.9e-05,0.964,11933,1.386
790,4.7676,4e-05,0.964,11873,1.386
800,4.3867,4e-05,0.963,11889,1.386
810,4.541,4.1e-05,0.963,11997,1.386
820,4.791,4.1e-05,0.962,11791,1.386
830,4.6641,4.1e-05,0.962,11781,1.386
840,5.1465,4.2e-05,0.961,11812,1.386
850,4.1729,4.3e-05,0.961,11790,1.386
860,4.0596,4.3e-05,0.96,11974,1.386
870,4.2393,4.4e-05,0.96,11940,1.386
880,4.085,4.4e-05,0.959,11953,1.386
890,4.3506,4.5e-05,0.959,11902,1.386
900,4.5986,4.5e-05,0.959,11732,1.386
910,4.3184,4.6e-05,0.958,11759,1.386
920,4.5762,4.6e-05,0.958,11756,1.386
930,4.335,4.7e-05,0.957,11771,1.386
940,4.4814,4.7e-05,0.957,11773,1.386
950,4.4873,4.8e-05,0.956,11732,1.386
960,4.3975,4.8e-05,0.956,11743,1.386
970,4.1865,4.8e-05,0.955,11753,1.386
980,4.4824,4.9e-05,0.955,11765,1.386
990,3.9316,5e-05,0.954,11841,1.386
1000,4.1699,5e-05,0.954,11967,1.386
1010,3.9395,5.1e-05,0.954,10929,1.386
1020,4.3271,5.1e-05,0.953,11974,1.386
1030,3.9199,5.2e-05,0.953,11966,1.386
1040,4.1016,5.2e-05,0.952,11922,1.386
1050,4.1992,5.3e-05,0.952,11740,1.386
1060,4.2607,5.3e-05,0.951,11744,1.386
1070,4.1162,5.4e-05,0.951,11752,1.386
1080,4.1582,5.4e-05,0.95,11761,1.386
1090,4.2822,5.5e-05,0.95,11765,1.386
1100,4.1934,5.5e-05,0.949,11752,1.386
1110,3.8174,5.6e-05,0.949,11823,1.386
1120,3.6104,5.6e-05,0.948,11974,1.386
1130,3.9033,5.6e-05,0.948,11962,1.386
1140,3.8057,5.7e-05,0.948,11949,1.386
1150,3.875,5.7e-05,0.947,11967,1.386
1160,3.7656,5.8e-05,0.947,11953,1.386
1170,3.8057,5.8e-05,0.946,11954,1.386
1180,3.7705,5.9e-05,0.946,11959,1.386
1190,3.7812,6e-05,0.945,12004,1.386
1200,3.751,6e-05,0.945,11966,1.386
1210,3.8418,6.1e-05,0.944,11954,1.386
1220,3.2803,6.1e-05,0.944,11978,1.386
1230,3.7939,6.2e-05,0.943,11879,1.386
1240,4.1475,6.2e-05,0.943,11763,1.386
1250,4.2725,6.3e-05,0.942,11767,1.386
1260,4.0977,6.3e-05,0.942,11754,1.386
1270,3.5547,6.3e-05,0.942,11877,1.386
1280,3.8926,6.4e-05,0.941,11976,1.386
1290,4.3633,6.5e-05,0.941,11733,1.386
1300,3.8848,6.5e-05,0.94,11756,1.386
1310,4.0967,6.6e-05,0.94,11743,1.386
1320,3.5811,6.6e-05,0.939,11787,1.386
1330,3.9043,6.7e-05,0.939,11876,1.386
1340,3.9658,6.7e-05,0.938,11744,1.386
1350,3.9414,6.8e-05,0.938,11742,1.386
1360,3.834,6.8e-05,0.937,11770,1.386
1370,3.6475,6.9e-05,0.937,11751,1.386
1380,3.9775,6.9e-05,0.936,11749,1.386
1390,3.8857,6.9e-05,0.936,11764,1.386
1400,3.4395,7e-05,0.936,11813,1.386
1410,3.7168,7.1e-05,0.935,11751,1.386
1420,3.7559,7.1e-05,0.935,11770,1.386
1430,3.6748,7.2e-05,0.934,11737,1.386
1440,3.6631,7.2e-05,0.934,11752,1.386
1450,3.5635,7.3e-05,0.933,11746,1.386
1460,3.627,7.3e-05,0.933,11737,1.386
1470,3.5361,7.3e-05,0.932,11860,1.386
1480,3.1797,7.4e-05,0.932,11961,1.386
1490,3.3018,7.5e-05,0.931,11991,1.386
1500,3.3359,7.5e-05,0.931,11940,1.386
1510,3.4248,7.6e-05,0.93,11968,1.386
1520,3.5283,7.6e-05,0.93,11988,1.386
1530,3.3633,7.7e-05,0.93,11973,1.386
1540,3.4639,7.7e-05,0.929,11884,1.386
1550,4.0068,7.7e-05,0.929,11749,1.386
1560,3.8428,7.8e-05,0.928,11733,1.386
1570,3.7363,7.9e-05,0.928,11751,1.386
1580,3.5869,7.9e-05,0.927,11730,1.386
1590,3.46,8e-05,0.927,11964,1.386
1600,3.4795,8e-05,0.926,11912,1.386
1610,3.2207,8.1e-05,0.926,11956,1.386
1620,3.3682,8.1e-05,0.925,11970,1.386
1630,3.2822,8.2e-05,0.925,11975,1.386
1640,3.6133,8.2e-05,0.924,11851,1.386
1650,3.5791,8.2e-05,0.924,11734,1.386
1660,3.2686,8.3e-05,0.924,11748,1.386
1670,3.4668,8.3e-05,0.923,11744,1.386
1680,3.5117,8.4e-05,0.923,11748,1.386
1690,3.5703,8.5e-05,0.922,11765,1.386
1700,3.4502,8.5e-05,0.922,11751,1.386
1710,3.4268,8.6e-05,0.921,11899,1.386
1720,3.5781,8.6e-05,0.921,11736,1.386
1730,3.3916,8.7e-05,0.92,11753,1.386
1740,3.5039,8.7e-05,0.92,11745,1.386
1750,3.4658,8.7e-05,0.919,11768,1.386
1760,3.1777,8.8e-05,0.919,11765,1.386
1770,3.335,8.9e-05,0.918,11749,1.386
1780,3.4424,8.9e-05,0.918,11734,1.386
1790,3.3975,9e-05,0.918,11750,1.386
1800,3.3252,9e-05,0.917,11746,1.386
1810,3.4756,9.1e-05,0.917,11740,1.386
1820,3.3223,9.1e-05,0.916,11733,1.386
1830,3.2422,9.2e-05,0.916,11755,1.386
1840,3.3438,9.2e-05,0.915,11732,1.386
1850,3.1699,9.3e-05,0.915,11703,1.386
1860,3.0186,9.3e-05,0.914,11799,1.386
1870,3.1172,9.4e-05,0.914,11977,1.386
1880,3.665,9.4e-05,0.913,11879,1.386
1890,3.4385,9.4e-05,0.913,11748,1.386
1900,3.2461,9.5e-05,0.912,11753,1.386
1910,3.4346,9.6e-05,0.912,11763,1.386
1920,3.1367,9.6e-05,0.912,11763,1.386
1930,3.4355,9.7e-05,0.911,11741,1.386
1940,3.2432,9.7e-05,0.911,11749,1.386
1950,3.3643,9.7e-05,0.91,11726,1.386
1960,3.2617,9.8e-05,0.91,11751,1.386
1970,3.1045,9.9e-05,0.909,11760,1.386
1980,3.3857,9.9e-05,0.909,11735,1.386
1990,3.54,0.0001,0.908,11742,1.386
2000,3.5049,0.0001,0.908,11757,1.386
2010,3.1074,0.0001,0.907,10659,1.386
2020,3.0996,0.0001,0.907,11838,1.386
2030,2.9736,0.0001,0.907,11968,1.386
2040,3.1855,0.0001,0.906,11943,1.386
2050,2.6621,0.0001,0.906,11951,1.386
2060,3.4033,0.0001,0.905,11817,1.386
2070,3.5576,0.0001,0.905,11734,1.386
2080,3.0225,0.0001,0.904,11808,1.386
2090,2.9912,0.0001,0.904,11933,1.386
2100,3.2148,0.0001,0.903,11852,1.386
2110,3.3711,0.0001,0.903,11735,1.386
2120,3.2783,0.0001,0.902,11801,1.386
2130,3.2266,0.0001,0.902,11785,1.386
2140,3.3184,0.0001,0.901,11764,1.386
2150,3.2012,0.0001,0.901,11743,1.386
2160,3.1641,0.0001,0.901,11728,1.386
2170,2.8213,0.0001,0.9,11891,1.386
2180,3.1875,0.0001,0.9,11943,1.386
2190,2.8184,0.0001,0.899,11980,1.386
2200,2.7783,0.0001,0.899,11962,1.386
2210,3.54,0.0001,0.898,11870,1.386
2220,3.082,0.0001,0.898,11738,1.386
2230,3.0127,0.0001,0.897,11716,1.386
2240,3.3633,0.0001,0.897,11729,1.386
2250,3.1494,0.0001,0.896,11724,1.386
2260,2.8936,0.0001,0.896,11771,1.386
2270,3.0547,0.0001,0.895,11891,1.386
2280,3.377,0.0001,0.895,11738,1.386
2290,3.0947,0.0001,0.895,11753,1.386
2300,3.2061,0.0001,0.894,11743,1.386
2310,3.0254,0.0001,0.894,11749,1.386
2320,3.1318,0.0001,0.893,11775,1.386
2330,3.3623,0.0001,0.893,11730,1.386
2340,3.1094,0.0001,0.892,11733,1.386
2350,3.3115,0.0001,0.892,11728,1.386
2360,2.9941,0.0001,0.891,11714,1.386
2370,3.2783,0.0001,0.891,11717,1.386
2380,2.9443,0.0001,0.89,11744,1.386
2390,3.3701,0.0001,0.89,11733,1.386
2400,3.1396,0.0001,0.889,11934,1.386
2410,2.9697,0.0001,0.889,11977,1.386
2420,2.9297,0.0001,0.889,11950,1.386
2430,3.0293,0.0001,0.888,11727,1.386
2440,2.9043,0.0001,0.888,11930,1.386
2450,2.8271,0.0001,0.887,11940,1.386
2460,3.5068,0.0001,0.887,11749,1.386
2470,2.9434,0.0001,0.886,11739,1.386
2480,3.1436,0.0001,0.886,11738,1.386
2490,3.1973,0.0001,0.885,11740,1.386
2500,2.752,0.0001,0.885,11892,1.386
2510,2.8545,0.0001,0.884,11929,1.386
2520,3.0449,0.0001,0.884,11961,1.386
2530,2.835,0.0001,0.883,11924,1.386
2540,2.7129,0.0001,0.883,11950,1.386
2550,2.6826,0.0001,0.883,11960,1.386
2560,2.8672,0.0001,0.882,11901,1.386
2570,2.7559,0.0001,0.882,11720,1.386
2580,2.6562,0.0001,0.881,11738,1.386
2590,3.001,0.0001,0.881,11724,1.386
2600,2.8535,0.0001,0.88,11730,1.386
2610,2.8994,0.0001,0.88,11820,1.386
2620,2.792,0.0001,0.879,11941,1.386
2630,2.7217,0.0001,0.879,11947,1.386
2640,2.9287,0.0001,0.878,11737,1.386
2650,2.8613,0.0001,0.878,11745,1.386
2660,3.3672,0.0001,0.877,11737,1.386
2670,3.2266,0.0001,0.877,11728,1.386
2680,2.6768,0.0001,0.877,11798,1.386
2690,2.8135,0.0001,0.876,11915,1.386
2700,3.001,0.0001,0.876,11976,1.386
2710,2.7764,0.0001,0.875,11952,1.386
2720,2.9375,0.0001,0.875,11918,1.386
2730,3.2432,0.0001,0.874,11794,1.386
2740,3.0762,0.0001,0.874,11751,1.386
2750,2.9902,0.0001,0.873,11750,1.386
2760,2.8613,0.0001,0.873,11935,1.386
2770,2.9971,0.0001,0.872,11912,1.386
2780,3.1289,0.0001,0.872,11713,1.386
2790,2.6416,9.9e-05,0.871,11853,1.386
2800,2.9209,9.9e-05,0.871,11952,1.386
2810,3.0898,9.9e-05,0.871,11782,1.386
2820,2.8242,9.9e-05,0.87,11820,1.386
2830,2.7217,9.9e-05,0.87,11751,1.386
2840,2.6826,9.9e-05,0.869,11925,1.386
2850,2.6372,9.9e-05,0.869,11972,1.386
2860,2.6812,9.9e-05,0.868,11952,1.386
2870,2.583,9.9e-05,0.868,11903,1.386
2880,2.7207,9.9e-05,0.867,11948,1.386
2890,2.9492,9.9e-05,0.867,11932,1.386
2900,2.6221,9.9e-05,0.866,11947,1.386
2910,2.8086,9.9e-05,0.866,11885,1.386
2920,2.7529,9.9e-05,0.865,11758,1.386
2930,2.8457,9.9e-05,0.865,11741,1.386
2940,3.0566,9.9e-05,0.865,11750,1.386
2950,2.7383,9.9e-05,0.864,11762,1.386
2960,3.3867,9.9e-05,0.864,11727,1.386
2970,2.9229,9.9e-05,0.863,11901,1.386
2980,2.8096,9.9e-05,0.863,11909,1.386
2990,2.8672,9.9e-05,0.862,11938,1.386
3000,2.7461,9.9e-05,0.862,11755,1.386
3010,2.8877,9.9e-05,0.861,10552,1.386
3020,2.5078,9.9e-05,0.861,11778,1.386
3030,2.584,9.9e-05,0.86,11964,1.386
3040,2.6318,9.9e-05,0.86,11968,1.386
3050,2.7764,9.9e-05,0.86,11973,1.386
3060,2.5791,9.9e-05,0.859,11977,1.386
3070,2.7549,9.9e-05,0.859,11903,1.386
3080,2.709,9.9e-05,0.858,11758,1.386
3090,2.8936,9.9e-05,0.858,11743,1.386
3100,2.8145,9.9e-05,0.857,11747,1.386
3110,2.6807,9.9e-05,0.857,11817,1.386
3120,3.041,9.9e-05,0.856,11875,1.386
3130,3.0117,9.9e-05,0.856,11734,1.386
3140,2.7061,9.9e-05,0.855,11738,1.386
3150,2.8623,9.9e-05,0.855,11931,1.386
3160,2.4482,9.9e-05,0.854,11943,1.386
3170,2.7314,9.9e-05,0.854,11954,1.386
3180,2.7354,9.9e-05,0.854,11964,1.386
3190,2.2559,9.9e-05,0.853,11942,1.386
3200,2.7822,9.9e-05,0.853,11937,1.386
3210,2.8086,9.9e-05,0.852,11950,1.386
3220,2.8145,9.9e-05,0.852,11841,1.386
3230,2.8086,9.9e-05,0.851,11740,1.386
3240,2.8496,9.9e-05,0.851,11768,1.386
3250,2.4805,9.9e-05,0.85,11960,1.386
3260,2.5898,9.9e-05,0.85,11951,1.386
3270,2.6592,9.9e-05,0.849,11950,1.386
3280,2.6729,9.9e-05,0.849,11917,1.386
3290,2.9482,9.9e-05,0.848,11966,1.386
3300,2.8701,9.9e-05,0.848,11743,1.386
3310,2.7568,9.9e-05,0.848,11750,1.386
3320,2.6875,9.9e-05,0.847,11755,1.386
3330,2.4424,9.9e-05,0.847,11754,1.386
3340,2.6436,9.9e-05,0.846,11741,1.386
3350,2.4697,9.9e-05,0.846,11867,1.386
3360,2.6758,9.9e-05,0.845,11952,1.386
3370,2.834,9.9e-05,0.845,11914,1.386
3380,2.8311,9.8e-05,0.844,11746,1.386
3390,2.8975,9.8e-05,0.844,11716,1.386
3400,2.6826,9.8e-05,0.843,11877,1.386
3410,2.7148,9.8e-05,0.843,11955,1.386
3420,2.7832,9.8e-05,0.842,11752,1.386
3430,2.6387,9.8e-05,0.842,11763,1.386
3440,2.7939,9.8e-05,0.842,11735,1.386
3450,2.6504,9.8e-05,0.841,11740,1.386
3460,2.8623,9.8e-05,0.841,11739,1.386
3470,2.7402,9.8e-05,0.84,11749,1.386
3480,2.6533,9.8e-05,0.84,11777,1.386
3490,2.6025,9.8e-05,0.839,11941,1.386
3500,2.7144,9.8e-05,0.839,11944,1.386
3510,2.7202,9.8e-05,0.838,11954,1.386
3520,2.6777,9.8e-05,0.838,11940,1.386
3530,2.6416,9.8e-05,0.837,11929,1.386
3540,2.5547,9.8e-05,0.837,11946,1.386
3550,2.4502,9.8e-05,0.836,11935,1.386
3560,2.5957,9.8e-05,0.836,11962,1.386
3570,2.5493,9.8e-05,0.836,11781,1.386
3580,2.7227,9.8e-05,0.835,11758,1.386
3590,2.6738,9.8e-05,0.835,11767,1.386
3600,2.5757,9.8e-05,0.834,11773,1.386
3610,2.7275,9.8e-05,0.834,11783,1.386
3620,2.5879,9.8e-05,0.833,11944,1.386
3630,2.4971,9.8e-05,0.833,11785,1.386
3640,2.999,9.8e-05,0.832,11777,1.386
3650,2.7207,9.8e-05,0.832,11759,1.386
3660,2.5469,9.8e-05,0.831,11778,1.386
3670,2.5225,9.8e-05,0.831,11756,1.386
3680,3.0117,9.8e-05,0.83,11754,1.386
3690,2.8301,9.8e-05,0.83,11737,1.386
3700,2.6484,9.8e-05,0.83,11762,1.386
3710,2.5039,9.8e-05,0.829,11768,1.386
3720,2.7119,9.8e-05,0.829,11778,1.386
3730,2.5801,9.8e-05,0.828,11917,1.386
3740,2.5518,9.8e-05,0.828,11884,1.386
3750,2.749,9.8e-05,0.827,11777,1.386
3760,2.5342,9.8e-05,0.827,11804,1.386
3770,2.5,9.8e-05,0.826,11772,1.386
3780,2.6914,9.7e-05,0.826,11821,1.386
3790,2.8369,9.7e-05,0.825,11993,1.386
3800,2.7578,9.7e-05,0.825,11861,1.386
3810,2.7744,9.7e-05,0.824,11752,1.386
3820,2.3613,9.7e-05,0.824,11761,1.386
3830,2.6143,9.7e-05,0.824,11748,1.386
3840,2.5801,9.7e-05,0.823,11769,1.386
3850,2.6406,9.7e-05,0.823,11758,1.386
3860,2.6641,9.7e-05,0.822,11764,1.386
3870,2.4775,9.7e-05,0.822,11757,1.386
3880,2.6758,9.7e-05,0.821,11776,1.386
3890,2.5537,9.7e-05,0.821,11760,1.386
3900,2.5166,9.7e-05,0.82,11766,1.386
3910,2.457,9.7e-05,0.82,11846,1.386
3920,2.6777,9.7e-05,0.819,11959,1.386
3930,2.6172,9.7e-05,0.819,11938,1.386
3940,2.5645,9.7e-05,0.818,11776,1.386
3950,2.4106,9.7e-05,0.818,11773,1.386
3960,2.5225,9.7e-05,0.818,11744,1.386
3970,3.0771,9.7e-05,0.817,11759,1.386
3980,2.7559,9.7e-05,0.817,11760,1.386
3990,2.6431,9.7e-05,0.816,11880,1.386
4000,2.6025,9.7e-05,0.816,11746,1.386
4010,2.5005,9.7e-05,0.815,10862,1.386
4020,2.5869,9.7e-05,0.815,11738,1.386
4030,2.6846,9.7e-05,0.814,11764,1.386
4040,2.6035,9.7e-05,0.814,11764,1.386
4050,2.4746,9.7e-05,0.813,11763,1.386
4060,2.9453,9.7e-05,0.813,11749,1.386
4070,2.668,9.7e-05,0.812,11755,1.386
4080,2.5781,9.7e-05,0.812,11741,1.386
4090,2.6289,9.7e-05,0.812,11743,1.386
4100,2.8511,9.7e-05,0.811,11730,1.386
4110,2.4824,9.6e-05,0.811,11873,1.386
4120,2.4976,9.6e-05,0.81,11951,1.386
4130,2.4639,9.6e-05,0.81,11961,1.386
4140,2.1567,9.6e-05,0.809,11977,1.386
4150,2.5303,9.6e-05,0.809,11818,1.386
4160,2.7324,9.6e-05,0.808,11745,1.386
4170,2.4482,9.6e-05,0.808,11748,1.386
4180,2.4355,9.6e-05,0.807,11733,1.386
4190,2.3599,9.6e-05,0.807,11720,1.386
4200,2.3188,9.6e-05,0.807,11875,1.386
4210,2.4219,9.6e-05,0.806,11975,1.386
4220,2.6157,9.6e-05,0.806,11801,1.386
4230,2.4731,9.6e-05,0.805,11772,1.386
4240,2.4248,9.6e-05,0.805,11969,1.386
4250,2.4927,9.6e-05,0.804,11942,1.386
4260,2.6006,9.6e-05,0.804,11875,1.386
4270,2.708,9.6e-05,0.803,11761,1.386
4280,2.542,9.6e-05,0.803,11755,1.386
4290,2.5029,9.6e-05,0.802,11916,1.386
4300,2.5308,9.6e-05,0.802,11972,1.386
4310,2.3994,9.6e-05,0.801,11940,1.386
4320,2.4639,9.6e-05,0.801,11773,1.386
4330,2.3936,9.6e-05,0.801,11947,1.386
4340,2.4482,9.6e-05,0.8,11944,1.386
4350,2.5459,9.6e-05,0.8,11945,1.386
4360,2.4663,9.6e-05,0.799,11846,1.386
4370,2.4619,9.6e-05,0.799,11736,1.386
4380,2.4746,9.6e-05,0.798,11724,1.386
4390,2.4854,9.5e-05,0.798,11746,1.386
4400,2.4448,9.5e-05,0.797,11868,1.386
4410,2.4595,9.5e-05,0.797,11939,1.386
4420,2.5898,9.5e-05,0.796,11933,1.386
4430,2.4805,9.5e-05,0.796,11730,1.386
4440,2.73,9.5e-05,0.795,11753,1.386
4450,2.4893,9.5e-05,0.795,11744,1.386
4460,2.3281,9.5e-05,0.795,11742,1.386
4470,2.6064,9.5e-05,0.794,11719,1.386
4480,2.5547,9.5e-05,0.794,11711,1.386
4490,2.5146,9.5e-05,0.793,11742,1.386
4500,2.3965,9.5e-05,0.793,11738,1.386
4510,2.5542,9.5e-05,0.792,11745,1.386
4520,2.5117,9.5e-05,0.792,11731,1.386
4530,3.0703,9.5e-05,0.791,11732,1.386
4540,2.1519,9.5e-05,0.791,11858,1.386
4550,2.042,9.5e-05,0.79,11920,1.386
4560,2.0352,9.5e-05,0.79,11946,1.386
4570,2.4727,9.5e-05,0.789,11948,1.386
4580,2.4033,9.5e-05,0.789,11947,1.386
4590,2.2959,9.5e-05,0.789,11943,1.386
4600,2.209,9.5e-05,0.788,11941,1.386
4610,2.5239,9.5e-05,0.788,11960,1.386
4620,2.4131,9.5e-05,0.787,11968,1.386
4630,2.3647,9.5e-05,0.787,11978,1.386
4640,2.417,9.5e-05,0.786,11933,1.386
4650,2.5762,9.4e-05,0.786,11928,1.386
4660,2.5557,9.4e-05,0.785,11755,1.386
4670,2.4502,9.4e-05,0.785,11751,1.386
4680,2.4292,9.4e-05,0.784,11753,1.386
4690,2.8428,9.4e-05,0.784,11738,1.386
4700,2.4902,9.4e-05,0.783,11724,1.386
4710,2.4536,9.4e-05,0.783,11755,1.386
4720,2.5898,9.4e-05,0.783,11754,1.386
4730,2.4443,9.4e-05,0.782,11969,1.386
4740,2.437,9.4e-05,0.782,11973,1.386
4750,2.5908,9.4e-05,0.781,11865,1.386
4760,2.7642,9.4e-05,0.781,11751,1.386
4770,2.6084,9.4e-05,0.78,11744,1.386
4780,2.4004,9.4e-05,0.78,11882,1.386
4790,2.4346,9.4e-05,0.779,11984,1.386
4800,2.4302,9.4e-05,0.779,11967,1.386
4810,2.4971,9.4e-05,0.778,11791,1.386
4820,2.2568,9.4e-05,0.778,11519,1.386
4830,2.4565,9.4e-05,0.777,11965,1.386
4840,2.4268,9.4e-05,0.777,11930,1.386
4850,2.5352,9.4e-05,0.777,11949,1.386
4860,2.4365,9.4e-05,0.776,11944,1.386
4870,2.332,9.4e-05,0.776,11946,1.386
4880,2.5708,9.3e-05,0.775,11899,1.386
4890,2.6562,9.3e-05,0.775,11756,1.386
4900,2.332,9.3e-05,0.774,11757,1.386
4910,2.0913,9.3e-05,0.774,11907,1.386
4920,2.3438,9.3e-05,0.773,11982,1.386
4930,2.8232,9.3e-05,0.773,11785,1.386
4940,2.5713,9.3e-05,0.772,11763,1.386
4950,2.5371,9.3e-05,0.772,11736,1.386
4960,2.332,9.3e-05,0.771,11763,1.386
4970,2.6807,9.3e-05,0.771,11747,1.386
4980,2.8867,9.3e-05,0.771,11738,1.386
4990,2.3999,9.3e-05,0.77,11876,1.386
5000,2.25,9.3e-05,0.77,11829,1.386
5010,2.4795,9.3e-05,0.769,9941,1.386
5020,2.6445,9.3e-05,0.769,11836,1.386
5030,2.4575,9.3e-05,0.768,11725,1.386
5040,2.501,9.3e-05,0.768,11741,1.386
5050,2.5049,9.3e-05,0.767,11742,1.386
5060,2.0405,9.3e-05,0.767,11869,1.386
5070,2.21,9.3e-05,0.766,11940,1.386
5080,2.2988,9.3e-05,0.766,11965,1.386
5090,2.6992,9.3e-05,0.765,11889,1.386
5100,3.0254,9.2e-05,0.765,11721,1.386
5110,2.3887,9.2e-05,0.765,11721,1.386
5120,2.627,9.2e-05,0.764,11746,1.386
5130,2.209,9.2e-05,0.764,11737,1.386
5140,2.3701,9.2e-05,0.763,11924,1.386
5150,2.1309,9.2e-05,0.763,11952,1.386
5160,2.4199,9.2e-05,0.762,11993,1.386
5170,2.4805,9.2e-05,0.762,11969,1.386
5180,2.4351,9.2e-05,0.761,11958,1.386
5190,2.3149,9.2e-05,0.761,11942,1.386
5200,2.4961,9.2e-05,0.76,11923,1.386
5210,2.4316,9.2e-05,0.76,11945,1.386
5220,2.3252,9.2e-05,0.76,11857,1.386
5230,2.9492,9.2e-05,0.759,11742,1.386
5240,2.3354,9.2e-05,0.759,11737,1.386
5250,2.5625,9.2e-05,0.758,11768,1.386
5260,2.4819,9.2e-05,0.758,11760,1.386
5270,2.3525,9.2e-05,0.757,11770,1.386
5280,2.3115,9.2e-05,0.757,11966,1.386
5290,2.2007,9.2e-05,0.756,11971,1.386
5300,2.4219,9.2e-05,0.756,11746,1.386
5310,2.4307,9.1e-05,0.755,11744,1.386
5320,2.5732,9.1e-05,0.755,11758,1.386
5330,2.5859,9.1e-05,0.754,11759,1.386
5340,2.502,9.1e-05,0.754,11970,1.386
5350,2.3594,9.1e-05,0.754,11928,1.386
5360,2.2358,9.1e-05,0.753,11849,1.386
5370,2.3687,9.1e-05,0.753,11753,1.386
5380,2.3164,9.1e-05,0.752,11733,1.386
5390,2.7607,9.1e-05,0.752,11753,1.386
5400,2.5537,9.1e-05,0.751,11741,1.386
5410,2.3701,9.1e-05,0.751,11748,1.386
5420,2.2729,9.1e-05,0.75,11832,1.386
5430,2.1719,9.1e-05,0.75,11901,1.386
5440,2.2944,9.1e-05,0.749,11959,1.386
5450,2.3525,9.1e-05,0.749,11828,1.386
5460,2.4521,9.1e-05,0.748,11938,1.386
5470,2.4854,9.1e-05,0.748,11854,1.386
5480,2.2563,9.1e-05,0.748,11786,1.386
5490,2.6509,9.1e-05,0.747,11755,1.386
5500,2.4854,9e-05,0.747,11749,1.386
5510,2.4941,9e-05,0.746,11748,1.386
5520,2.2808,9e-05,0.746,11742,1.386
5530,2.5469,9e-05,0.745,11872,1.386
5540,2.5298,9e-05,0.745,11853,1.386
5550,2.4663,9e-05,0.744,11744,1.386
5560,2.291,9e-05,0.744,11842,1.386
5570,2.415,9e-05,0.743,11918,1.386
5580,2.501,9e-05,0.743,11753,1.386
5590,2.0864,9e-05,0.742,11894,1.386
5600,2.374,9e-05,0.742,11856,1.386
5610,2.4604,9e-05,0.742,11740,1.386
5620,2.3145,9e-05,0.741,11750,1.386
5630,2.4912,9e-05,0.741,11755,1.386
5640,2.5063,9e-05,0.74,11754,1.386
5650,2.2178,9e-05,0.74,11821,1.386
5660,2.457,9e-05,0.739,11945,1.386
5670,2.4834,9e-05,0.739,11945,1.386
5680,2.3184,9e-05,0.738,11958,1.386
5690,2.3354,8.9e-05,0.738,11943,1.386
5700,2.311,8.9e-05,0.737,11950,1.386
5710,2.2729,8.9e-05,0.737,11975,1.386
5720,2.522,8.9e-05,0.736,11867,1.386
5730,2.5322,8.9e-05,0.736,11969,1.386
5740,2.4121,8.9e-05,0.736,11757,1.386
5750,2.3062,8.9e-05,0.735,11743,1.386
5760,2.5713,8.9e-05,0.735,11740,1.386
5770,2.1006,8.9e-05,0.734,11826,1.386
5780,2.3032,8.9e-05,0.734,11969,1.386
5790,2.332,8.9e-05,0.733,11960,1.386
5800,2.0952,8.9e-05,0.733,11971,1.386
5810,2.3623,8.9e-05,0.732,11962,1.386
5820,2.2397,8.9e-05,0.732,11955,1.386
5830,2.4326,8.9e-05,0.731,11767,1.386
5840,2.3535,8.9e-05,0.731,11834,1.386
5850,2.3618,8.9e-05,0.73,11846,1.386
5860,2.5107,8.9e-05,0.73,11749,1.386
5870,2.2231,8.8e-05,0.73,11751,1.386
5880,2.2212,8.8e-05,0.729,11720,1.386
5890,2.2144,8.8e-05,0.729,11725,1.386
5900,2.6904,8.8e-05,0.728,11741,1.386
5910,2.4277,8.8e-05,0.728,11743,1.386
5920,2.5586,8.8e-05,0.727,11754,1.386
5930,2.2832,8.8e-05,0.727,11768,1.386
5940,2.5459,8.8e-05,0.726,11761,1.386
5950,2.3711,8.8e-05,0.726,11752,1.386
5960,2.4453,8.8e-05,0.725,11749,1.386
5970,2.0205,8.8e-05,0.725,11775,1.386
5980,2.3145,8.8e-05,0.724,11970,1.386
5990,2.3184,8.8e-05,0.724,11936,1.386
6000,2.4941,8.8e-05,0.724,11764,1.386
6010,2.314,8.8e-05,0.723,10991,1.386
6020,2.147,8.8e-05,0.723,11801,1.386
6030,2.4834,8.8e-05,0.722,11807,1.386
6040,2.6396,8.7e-05,0.722,11734,1.386
6050,2.1587,8.7e-05,0.721,11745,1.386
6060,2.5327,8.7e-05,0.721,11731,1.386
6070,2.3721,8.7e-05,0.72,11752,1.386
6080,2.3003,8.7e-05,0.72,11836,1.386
6090,2.5303,8.7e-05,0.719,11779,1.386
6100,2.3569,8.7e-05,0.719,11741,1.386
6110,2.3735,8.7e-05,0.718,11737,1.386
6120,2.3696,8.7e-05,0.718,11742,1.386
6130,2.4175,8.7e-05,0.718,11756,1.386
6140,2.2148,8.7e-05,0.717,11746,1.386
6150,2.3936,8.7e-05,0.717,11758,1.386
6160,2.5146,8.7e-05,0.716,11850,1.386
6170,2.2417,8.7e-05,0.716,11956,1.386
6180,2.3433,8.7e-05,0.715,11939,1.386
6190,2.5488,8.7e-05,0.715,11805,1.386
6200,2.4976,8.6e-05,0.714,11752,1.386
6210,2.3208,8.6e-05,0.714,11746,1.386
6220,2.2935,8.6e-05,0.713,11745,1.386
6230,2.4585,8.6e-05,0.713,11935,1.386
6240,2.272,8.6e-05,0.713,11916,1.386
6250,2.3618,8.6e-05,0.712,11935,1.386
6260,2.2397,8.6e-05,0.712,11926,1.386
6270,2.1694,8.6e-05,0.711,11888,1.386
6280,2.3848,8.6e-05,0.711,11911,1.386
6290,2.4639,8.6e-05,0.71,11726,1.386
6300,2.2061,8.6e-05,0.71,11930,1.386
6310,2.2686,8.6e-05,0.709,11927,1.386
6320,2.4219,8.6e-05,0.709,11960,1.386
6330,2.1733,8.6e-05,0.708,11950,1.386
6340,2.3555,8.6e-05,0.708,11789,1.386
6350,2.5068,8.6e-05,0.707,11759,1.386
6360,2.3804,8.5e-05,0.707,11755,1.386
6370,2.3252,8.5e-05,0.707,11749,1.386
6380,2.4023,8.5e-05,0.706,11740,1.386
6390,2.2964,8.5e-05,0.706,11879,1.386
6400,2.1855,8.5e-05,0.705,11881,1.386
6410,2.564,8.5e-05,0.705,11739,1.386
6420,2.1177,8.5e-05,0.704,11745,1.386
6430,2.3862,8.5e-05,0.704,11745,1.386
6440,2.5015,8.5e-05,0.703,11753,1.386
6450,2.248,8.5e-05,0.703,11750,1.386
6460,2.2583,8.5e-05,0.702,11749,1.386
6470,2.2549,8.5e-05,0.702,11749,1.386
6480,2.3306,8.5e-05,0.701,11797,1.386
6490,2.3188,8.5e-05,0.701,11941,1.386
6500,2.2964,8.5e-05,0.701,11964,1.386
6510,2.1948,8.5e-05,0.7,11950,1.386
6520,2.2646,8.4e-05,0.7,11957,1.386
6530,2.3354,8.4e-05,0.699,11954,1.386
6540,2.4893,8.4e-05,0.699,11904,1.386
6550,2.0869,8.4e-05,0.698,11731,1.386
6560,2.1753,8.4e-05,0.698,11901,1.386
6570,2.4136,8.4e-05,0.697,11756,1.386
6580,2.3564,8.4e-05,0.697,11720,1.386
6590,2.2603,8.4e-05,0.696,11714,1.386
6600,2.4355,8.4e-05,0.696,11753,1.386
6610,2.2036,8.4e-05,0.695,11754,1.386
6620,2.3735,8.4e-05,0.695,11735,1.386
6630,2.5879,8.4e-05,0.695,11745,1.386
6640,2.146,8.4e-05,0.694,11802,1.386
6650,2.3091,8.4e-05,0.694,11908,1.386
6660,2.2529,8.4e-05,0.693,11924,1.386
6670,2.3604,8.3e-05,0.693,11936,1.386
6680,2.3198,8.3e-05,0.692,11920,1.386
6690,2.2207,8.3e-05,0.692,11825,1.386
6700,2.1079,8.3e-05,0.691,11945,1.386
6710,2.5415,8.3e-05,0.691,11760,1.386
6720,2.3521,8.3e-05,0.69,11728,1.386
6730,2.9365,8.3e-05,0.69,11743,1.386
6740,2.1772,8.3e-05,0.689,11717,1.386
6750,2.2983,8.3e-05,0.689,11738,1.386
6760,2.2285,8.3e-05,0.689,11741,1.386
6770,2.3369,8.3e-05,0.688,11749,1.386
6780,2.1421,8.3e-05,0.688,11742,1.386
6790,2.3687,8.3e-05,0.687,11735,1.386
6800,2.4194,8.3e-05,0.687,11731,1.386
6810,2.2266,8.3e-05,0.686,11848,1.386
6820,2.4873,8.2e-05,0.686,11776,1.386
6830,2.6309,8.2e-05,0.685,11799,1.386
6840,2.4756,8.2e-05,0.685,11719,1.386
6850,2.1079,8.2e-05,0.684,11746,1.386
6860,2.0776,8.2e-05,0.684,11748,1.386
6870,2.2031,8.2e-05,0.683,11864,1.386
6880,2.3359,8.2e-05,0.683,11943,1.386
6890,2.1675,8.2e-05,0.683,11138,1.386
6900,2.4443,8.2e-05,0.682,10263,1.386
6910,2.1309,8.2e-05,0.682,11886,1.386
6920,2.147,8.2e-05,0.681,11938,1.386
6930,2.1211,8.2e-05,0.681,11955,1.386
6940,2.4189,8.2e-05,0.68,11928,1.386
6950,2.2583,8.2e-05,0.68,11873,1.386
6960,2.3135,8.2e-05,0.679,11753,1.386
6970,2.2324,8.1e-05,0.679,11763,1.386
6980,2.3438,8.1e-05,0.678,11795,1.386
6990,2.2554,8.1e-05,0.678,11979,1.386
7000,2.5244,8.1e-05,0.677,11848,1.386
7010,2.3311,8.1e-05,0.677,11054,1.386
7020,2.1045,8.1e-05,0.677,11720,1.386
7030,2.1099,8.1e-05,0.676,11906,1.386
7040,2.2456,8.1e-05,0.676,11929,1.386
7050,2.0845,8.1e-05,0.675,11957,1.386
7060,2.188,8.1e-05,0.675,11981,1.386
7070,2.3491,8.1e-05,0.674,11979,1.386
7080,2.2725,8.1e-05,0.674,11920,1.386
7090,2.4258,8.1e-05,0.673,11745,1.386
7100,2.373,8.1e-05,0.673,11746,1.386
7110,2.3818,8e-05,0.672,11730,1.386
7120,2.3228,8e-05,0.672,11739,1.386
7130,2.2119,8e-05,0.671,11953,1.386
7140,2.0386,8e-05,0.671,11968,1.386
7150,2.1753,8e-05,0.671,11955,1.386
7160,2.5923,8e-05,0.67,11806,1.386
7170,1.9756,8e-05,0.67,11723,1.386
7180,2.4434,8e-05,0.669,11736,1.386
7190,2.291,8e-05,0.669,11877,1.386
7200,2.3042,8e-05,0.668,11941,1.386
7210,2.1973,8e-05,0.668,11888,1.386
7220,2.4824,8e-05,0.667,11768,1.386
7230,2.1279,8e-05,0.667,11747,1.386
7240,2.3906,8e-05,0.666,11757,1.386
7250,2.4771,7.9e-05,0.666,11944,1.386
7260,2.519,7.9e-05,0.666,11841,1.386
7270,2.1152,7.9e-05,0.665,11881,1.386
7280,2.1826,7.9e-05,0.665,11936,1.386
7290,2.2354,7.9e-05,0.664,11888,1.386
7300,2.4707,7.9e-05,0.664,11732,1.386
7310,2.6709,7.9e-05,0.663,11740,1.386
7320,2.2075,7.9e-05,0.663,11733,1.386
7330,2.2095,7.9e-05,0.662,11919,1.386
7340,2.3018,7.9e-05,0.662,11762,1.386
7350,2.3916,7.9e-05,0.661,11740,1.386
7360,2.1636,7.9e-05,0.661,11755,1.386
7370,2.0327,7.9e-05,0.66,11780,1.386
7380,2.2407,7.9e-05,0.66,11766,1.386
7390,2.48,7.8e-05,0.66,11762,1.386
7400,2.3149,7.8e-05,0.659,11735,1.386
7410,2.4751,7.8e-05,0.659,11726,1.386
7420,2.1641,7.8e-05,0.658,11614,1.386
7430,2.2456,7.8e-05,0.658,11931,1.386
7440,2.1733,7.8e-05,0.657,11779,1.386
7450,2.2095,7.8e-05,0.657,11757,1.386
7460,2.5371,7.8e-05,0.656,11724,1.386
7470,2.311,7.8e-05,0.656,11756,1.386
7480,2.291,7.8e-05,0.655,11754,1.386
7490,2.2085,7.8e-05,0.655,11955,1.386
7500,2.1104,7.8e-05,0.654,11946,1.386
7510,2.25,7.8e-05,0.654,11943,1.386
7520,2.2998,7.7e-05,0.654,11816,1.386
7530,2.4116,7.7e-05,0.653,11758,1.386
7540,2.3857,7.7e-05,0.653,11736,1.386
7550,2.2041,7.7e-05,0.652,11848,1.386
7560,2.0332,7.7e-05,0.652,11840,1.386
7570,2.1436,7.7e-05,0.651,11955,1.386
7580,2.1714,7.7e-05,0.651,11950,1.386
7590,2.249,7.7e-05,0.65,11972,1.386
7600,1.957,7.7e-05,0.65,11953,1.386
7610,2.1343,7.7e-05,0.649,11967,1.386
7620,2.1851,7.7e-05,0.649,11886,1.386
7630,2.5059,7.7e-05,0.648,11745,1.386
7640,2.5996,7.7e-05,0.648,11761,1.386
7650,2.311,7.6e-05,0.648,11882,1.386
7660,2.2173,7.6e-05,0.647,11943,1.386
7670,2.2925,7.6e-05,0.647,11913,1.386
7680,2.2524,7.6e-05,0.646,11744,1.386
7690,2.311,7.6e-05,0.646,11751,1.386
7700,2.3438,7.6e-05,0.645,11817,1.386
7710,2.1465,7.6e-05,0.645,11742,1.386
7720,2.0586,7.6e-05,0.644,11722,1.386
7730,2.3706,7.6e-05,0.644,11734,1.386
7740,2.4102,7.6e-05,0.643,11731,1.386
7750,2.3154,7.6e-05,0.643,11724,1.386
7760,1.9912,7.6e-05,0.642,11853,1.386
7770,2.2314,7.6e-05,0.642,11812,1.386
7780,2.2168,7.5e-05,0.642,11752,1.386
7790,2.3589,7.5e-05,0.641,11735,1.386
7800,2.3179,7.5e-05,0.641,11746,1.386
7810,2.1011,7.5e-05,0.64,11741,1.386
7820,2.3184,7.5e-05,0.64,11736,1.386
7830,2.2671,7.5e-05,0.639,11754,1.386
7840,2.2285,7.5e-05,0.639,11931,1.386
7850,2.1587,7.5e-05,0.638,11948,1.386
7860,2.1567,7.5e-05,0.638,11942,1.386
7870,2.1743,7.5e-05,0.637,11941,1.386
7880,2.0757,7.5e-05,0.637,11748,1.386
7890,2.3008,7.5e-05,0.636,11912,1.386
7900,2.0845,7.5e-05,0.636,11734,1.386
7910,2.2036,7.4e-05,0.636,11735,1.386
7920,2.1626,7.4e-05,0.635,11731,1.386
7930,2.2339,7.4e-05,0.635,11714,1.386
7940,2.2188,7.4e-05,0.634,11735,1.386
7950,2.4258,7.4e-05,0.634,11714,1.386
7960,2.3511,7.4e-05,0.633,11708,1.386
7970,2.1885,7.4e-05,0.633,11723,1.386
7980,2.1045,7.4e-05,0.632,11735,1.386
7990,2.1177,7.4e-05,0.632,11731,1.386
8000,2.1504,7.4e-05,0.631,11717,1.386
8010,2.084,7.4e-05,0.631,11022,1.386
8020,2.2437,7.4e-05,0.63,11750,1.386
8030,2.2686,7.4e-05,0.63,11744,1.386
8040,2.082,7.3e-05,0.63,11782,1.386
8050,2.0342,7.3e-05,0.629,11930,1.386
8060,2.127,7.3e-05,0.629,11924,1.386
8070,2.333,7.3e-05,0.628,11801,1.386
8080,2.0537,7.3e-05,0.628,11740,1.386
8090,2.2017,7.3e-05,0.627,11749,1.386
8100,2.1597,7.3e-05,0.627,11816,1.386
8110,2.1338,7.3e-05,0.626,11950,1.386
8120,2.1572,7.3e-05,0.626,11940,1.386
8130,2.0088,7.3e-05,0.625,11933,1.386
8140,2.0425,7.3e-05,0.625,11940,1.386
8150,2.1953,7.3e-05,0.624,11841,1.386
8160,2.1421,7.3e-05,0.624,11736,1.386
8170,2.1006,7.2e-05,0.624,11730,1.386
8180,2.187,7.2e-05,0.623,11858,1.386
8190,2.1313,7.2e-05,0.623,11739,1.386
8200,2.0356,7.2e-05,0.622,11756,1.386
8210,2.1284,7.2e-05,0.622,11751,1.386
8220,2.1304,7.2e-05,0.621,11786,1.386
8230,2.1958,7.2e-05,0.621,11795,1.386
8240,2.168,7.2e-05,0.62,11751,1.386
8250,2.0684,7.2e-05,0.62,11745,1.386
8260,1.9951,7.2e-05,0.619,11865,1.386
8270,1.9585,7.2e-05,0.619,11953,1.386
8280,2.2036,7.2e-05,0.618,11950,1.386
8290,2.1123,7.1e-05,0.618,11916,1.386
8300,2.499,7.1e-05,0.618,11738,1.386
8310,2.3403,7.1e-05,0.617,11755,1.386
8320,2.6069,7.1e-05,0.617,11736,1.386
8330,2.3105,7.1e-05,0.616,11748,1.386
8340,2.2456,7.1e-05,0.616,11760,1.386
8350,2.3584,7.1e-05,0.615,11951,1.386
8360,2.1265,7.1e-05,0.615,11986,1.386
8370,2.0996,7.1e-05,0.614,11952,1.386
8380,2.1006,7.1e-05,0.614,11883,1.386
8390,2.1899,7.1e-05,0.613,11733,1.386
8400,2.2158,7.1e-05,0.613,11917,1.386
8410,2.2402,7e-05,0.613,11927,1.386
8420,2.2261,7e-05,0.612,11866,1.386
8430,2.0806,7e-05,0.612,11779,1.386
8440,2.0054,7e-05,0.611,11964,1.386
8450,2.2173,7e-05,0.611,11769,1.386
8460,2.2061,7e-05,0.61,11947,1.386
8470,1.936,7e-05,0.61,11968,1.386
8480,2.2329,7e-05,0.609,11877,1.386
8490,2.1489,7e-05,0.609,11727,1.386
8500,2.1064,7e-05,0.608,11733,1.386
8510,2.0288,7e-05,0.608,11950,1.386
8520,2.376,7e-05,0.607,11905,1.386
8530,2.2124,6.9e-05,0.607,11759,1.386
8540,2.2109,6.9e-05,0.607,11730,1.386
8550,2.2456,6.9e-05,0.606,11898,1.386
8560,2.2329,6.9e-05,0.606,11744,1.386
8570,2.3408,6.9e-05,0.605,11751,1.386
8580,2.1655,6.9e-05,0.605,11748,1.386
8590,2.2495,6.9e-05,0.604,11730,1.386
8600,2.2554,6.9e-05,0.604,11694,1.386
8610,2.2441,6.9e-05,0.603,11724,1.386
8620,2.1494,6.9e-05,0.603,11735,1.386
8630,2.2617,6.9e-05,0.602,11764,1.386
8640,2.1611,6.9e-05,0.602,11758,1.386
8650,2.3164,6.9e-05,0.601,11744,1.386
8660,2.2578,6.8e-05,0.601,11737,1.386
8670,2.5259,6.8e-05,0.601,11738,1.386
8680,2.4395,6.8e-05,0.6,11736,1.386
8690,2.1455,6.8e-05,0.6,11869,1.386
8700,2.4053,6.8e-05,0.599,11838,1.386
8710,2.4219,6.8e-05,0.599,11679,1.386
8720,2.3311,6.8e-05,0.598,11733,1.386
8730,2.2598,6.8e-05,0.598,11736,1.386
8740,2.2939,6.8e-05,0.597,11741,1.386
8750,2.4033,6.8e-05,0.597,11879,1.386
8760,2.3975,6.8e-05,0.596,11878,1.386
8770,2.3975,6.8e-05,0.596,11728,1.386
8780,2.4883,6.7e-05,0.595,11741,1.386
8790,2.2886,6.7e-05,0.595,11736,1.386
8800,2.2979,6.7e-05,0.595,11739,1.386
8810,2.3193,6.7e-05,0.594,11846,1.386
8820,2.2271,6.7e-05,0.594,11943,1.386
8830,2.2617,6.7e-05,0.593,11940,1.386
8840,2.0308,6.7e-05,0.593,11749,1.386
8850,2.3726,6.7e-05,0.592,11775,1.386
8860,2.4536,6.7e-05,0.592,11670,1.386
8870,2.3813,6.7e-05,0.591,11759,1.386
8880,2.2188,6.7e-05,0.591,11744,1.386
8890,2.3701,6.6e-05,0.59,11722,1.386
8900,2.1436,6.6e-05,0.59,11757,1.386
8910,2.0293,6.6e-05,0.589,11852,1.386
8920,2.2119,6.6e-05,0.589,11743,1.386
8930,2.1812,6.6e-05,0.589,11687,1.386
8940,2.084,6.6e-05,0.588,11734,1.386
8950,2.0708,6.6e-05,0.588,11736,1.386
8960,2.0884,6.6e-05,0.587,11757,1.386
8970,2.2017,6.6e-05,0.587,10590,1.386
8980,2.0376,6.6e-05,0.586,11568,1.386
8990,2.0835,6.6e-05,0.586,11785,1.386
9000,2.3022,6.6e-05,0.585,11976,1.386
9010,2.1333,6.5e-05,0.585,11068,1.386
9020,2.0908,6.5e-05,0.584,11954,1.386
9030,2.2319,6.5e-05,0.584,11878,1.386
9040,2.1025,6.5e-05,0.583,11977,1.386
9050,2.0195,6.5e-05,0.583,11950,1.386
9060,2.0415,6.5e-05,0.583,11935,1.386
9070,2.3716,6.5e-05,0.582,11802,1.386
9080,2.4121,6.5e-05,0.582,11748,1.386
9090,2.1572,6.5e-05,0.581,11752,1.386
9100,2.4121,6.5e-05,0.581,11631,1.386
9110,2.3638,6.5e-05,0.58,11727,1.386
9120,2.1294,6.5e-05,0.58,11708,1.386
9130,2.5254,6.4e-05,0.579,11749,1.386
9140,2.2578,6.4e-05,0.579,11741,1.386
9150,2.3696,6.4e-05,0.578,11557,1.386
9160,2.3379,6.4e-05,0.578,11764,1.386
9170,2.207,6.4e-05,0.577,11746,1.386
9180,2.1309,6.4e-05,0.577,11305,1.386
9190,2.2524,6.4e-05,0.577,11744,1.386
9200,2.5645,6.4e-05,0.576,11664,1.386
9210,2.3008,6.4e-05,0.576,11749,1.386
9220,1.9678,6.4e-05,0.575,11770,1.386
9230,1.9053,6.4e-05,0.575,11946,1.386
9240,2.1558,6.3e-05,0.574,11967,1.386
9250,1.9653,6.3e-05,0.574,11943,1.386
9260,2.1289,6.3e-05,0.573,11876,1.386
9270,2.1318,6.3e-05,0.573,11821,1.386
9280,2.1406,6.3e-05,0.572,11740,1.386
9290,2.2271,6.3e-05,0.572,11754,1.386
9300,1.9229,6.3e-05,0.571,11727,1.386
9310,2.0161,6.3e-05,0.571,11905,1.386
9320,2.1401,6.3e-05,0.571,11839,1.386
9330,2.0337,6.3e-05,0.57,11742,1.386
9340,1.918,6.3e-05,0.57,11895,1.386
9350,1.8853,6.3e-05,0.569,11865,1.386
9360,2.3242,6.2e-05,0.569,11741,1.386
9370,2.0825,6.2e-05,0.568,11723,1.386
9380,2.2051,6.2e-05,0.568,11741,1.386
9390,2.0796,6.2e-05,0.567,11738,1.386
9400,2.6064,6.2e-05,0.567,11735,1.386
9410,1.9785,6.2e-05,0.566,11718,1.386
9420,2.1831,6.2e-05,0.566,11721,1.386
9430,2.2837,6.2e-05,0.566,11771,1.386
9440,2.1431,6.2e-05,0.565,11827,1.386
9450,2.0464,6.2e-05,0.565,11420,1.386
9460,2.2485,6.2e-05,0.564,11845,1.386
9470,2.2153,6.2e-05,0.564,11738,1.386
9480,2.1108,6.1e-05,0.563,11739,1.386
9490,2.2959,6.1e-05,0.563,11743,1.386
9500,2.3979,6.1e-05,0.562,11750,1.386
9510,2.1758,6.1e-05,0.562,11801,1.386
9520,2.1484,6.1e-05,0.561,11733,1.386
9530,2.2251,6.1e-05,0.561,11729,1.386
9540,2.3862,6.1e-05,0.56,11759,1.386
9550,1.9429,6.1e-05,0.56,11752,1.386
9560,2.4238,6.1e-05,0.56,11710,1.386
9570,2.2095,6.1e-05,0.559,11834,1.386
9580,2.1841,6.1e-05,0.559,11717,1.386
9590,2.3062,6e-05,0.558,11729,1.386
9600,2.2222,6e-05,0.558,11941,1.386
9610,2.0996,6e-05,0.557,11941,1.386
9620,2.0454,6e-05,0.557,11921,1.386
9630,2.0195,6e-05,0.556,11976,1.386
9640,2.0039,6e-05,0.556,11958,1.386
9650,2.2139,6e-05,0.555,11942,1.386
9660,2.2407,6e-05,0.555,11754,1.386
9670,2.0376,6e-05,0.554,11734,1.386
9680,2.1411,6e-05,0.554,11749,1.386
9690,2.0601,6e-05,0.554,11744,1.386
9700,2.2026,5.9e-05,0.553,11757,1.386
9710,2.0576,5.9e-05,0.553,11743,1.386
9720,2.3394,5.9e-05,0.552,11754,1.386
9730,2.1304,5.9e-05,0.552,11943,1.386
9740,2.2246,5.9e-05,0.551,11885,1.386
9750,2.2046,5.9e-05,0.551,11737,1.386
9760,2.395,5.9e-05,0.55,11723,1.386
9770,2.2607,5.9e-05,0.55,11749,1.386
9780,2.0952,5.9e-05,0.549,11812,1.386
9790,2.2178,5.9e-05,0.549,11751,1.386
9800,2.2734,5.9e-05,0.548,11756,1.386
9810,2.0244,5.9e-05,0.548,11820,1.386
9820,2.062,5.8e-05,0.548,11935,1.386
9830,2.0098,5.8e-05,0.547,11807,1.386
9840,2.0923,5.8e-05,0.547,11927,1.386
9850,2.3965,5.8e-05,0.546,11733,1.386
9860,2.1636,5.8e-05,0.546,11744,1.386
9870,2.2324,5.8e-05,0.545,11720,1.386
9880,2.0562,5.8e-05,0.545,11725,1.386
9890,2.1646,5.8e-05,0.544,11744,1.386
9900,2.1548,5.8e-05,0.544,11872,1.386
9910,1.9849,5.8e-05,0.543,11895,1.386
9920,1.9438,5.8e-05,0.543,11925,1.386
9930,2.1401,5.7e-05,0.542,11952,1.386
9940,2.1182,5.7e-05,0.542,11938,1.386
9950,2.0957,5.7e-05,0.542,11945,1.386
9960,1.9331,5.7e-05,0.541,11948,1.386
9970,2.1914,5.7e-05,0.541,11875,1.386
9980,2.0845,5.7e-05,0.54,11745,1.386
9990,2.2817,5.7e-05,0.54,11733,1.386
10000,2.2573,5.7e-05,0.539,11744,1.386
10010,2.0527,5.7e-05,0.539,11723,1.386
10020,2.0991,5.7e-05,0.538,11703,1.386
10030,2.1865,5.7e-05,0.538,11722,1.386
10040,2.1362,5.6e-05,0.537,10533,1.386
10050,2.0723,5.6e-05,0.537,11784,1.386
10060,2.1094,5.6e-05,0.536,11936,1.386
10070,2.1313,5.6e-05,0.536,11917,1.386
10080,2.0308,5.6e-05,0.536,11934,1.386
10090,2.021,5.6e-05,0.535,11922,1.386
10100,2.0332,5.6e-05,0.535,11916,1.386
10110,1.9204,5.6e-05,0.534,11905,1.386
10120,1.7944,5.6e-05,0.534,11923,1.386
10130,1.9023,5.6e-05,0.533,11925,1.386
10140,1.8428,5.6e-05,0.533,10682,1.386
10150,2.0024,5.6e-05,0.532,11212,1.386
10160,1.9282,5.5e-05,0.532,11917,1.386
10170,1.9868,5.5e-05,0.531,11819,1.386
10180,1.9556,5.5e-05,0.531,11716,1.386
10190,2.0337,5.5e-05,0.53,11719,1.386
10200,2.0825,5.5e-05,0.53,11713,1.386
10210,2.0093,5.5e-05,0.53,11712,1.386
10220,1.9941,5.5e-05,0.529,11789,1.386
10230,2.1274,5.5e-05,0.529,11936,1.386
10240,1.856,5.5e-05,0.528,11935,1.386
10250,2.0234,5.5e-05,0.528,11926,1.386
10260,2.1299,5.5e-05,0.527,11725,1.386
10270,2.0366,5.4e-05,0.527,11694,1.386
10280,2.5742,5.4e-05,0.526,11689,1.386
10290,1.9487,5.4e-05,0.526,11702,1.386
10300,1.8521,5.4e-05,0.525,11841,1.386
10310,2.0215,5.4e-05,0.525,11880,1.386
10320,1.9761,5.4e-05,0.524,11907,1.386
10330,1.9673,5.4e-05,0.524,11791,1.386
10340,2.106,5.4e-05,0.524,11699,1.386
10350,2.0811,5.4e-05,0.523,11717,1.386
10360,1.9409,5.4e-05,0.523,11713,1.386
10370,1.833,5.4e-05,0.522,11728,1.386
10380,2.1128,5.3e-05,0.522,11702,1.386
10390,2.1558,5.3e-05,0.521,11690,1.386
10400,2.2007,5.3e-05,0.521,11692,1.386
10410,1.8994,5.3e-05,0.52,11709,1.386
10420,2.3613,5.3e-05,0.52,11692,1.386
10430,2.0444,5.3e-05,0.519,11805,1.386
10440,2.0811,5.3e-05,0.519,11771,1.386
10450,1.9658,5.3e-05,0.519,11721,1.386
10460,2.2593,5.3e-05,0.518,11723,1.386
10470,2.1548,5.3e-05,0.518,11725,1.386
10480,2.1919,5.3e-05,0.517,11722,1.386
10490,1.9741,5.2e-05,0.517,11718,1.386
10500,2.0342,5.2e-05,0.516,11728,1.386
10510,2.146,5.2e-05,0.516,11723,1.386
10520,2.0391,5.2e-05,0.515,11723,1.386
10530,2.0229,5.2e-05,0.515,11719,1.386
10540,1.8794,5.2e-05,0.514,11731,1.386
10550,1.9287,5.2e-05,0.514,11732,1.386
10560,2.0459,5.2e-05,0.513,11727,1.386
10570,1.8765,5.2e-05,0.513,11713,1.386
10580,1.8101,5.2e-05,0.513,11716,1.386
10590,2.1763,5.2e-05,0.512,11718,1.386
10600,1.8115,5.1e-05,0.512,11703,1.386
10610,1.9023,5.1e-05,0.511,11718,1.386
10620,1.854,5.1e-05,0.511,11885,1.386
10630,1.9175,5.1e-05,0.51,11913,1.386
10640,1.9067,5.1e-05,0.51,11907,1.386
10650,2.0703,5.1e-05,0.509,11901,1.386
10660,2.5454,5.1e-05,0.509,11722,1.386
10670,1.9243,5.1e-05,0.508,11854,1.386
10680,1.9502,5.1e-05,0.508,11931,1.386
10690,2.1133,5.1e-05,0.507,11922,1.386
10700,2.3423,5.1e-05,0.507,11847,1.386
10710,1.8813,5e-05,0.507,11700,1.386
10720,1.8931,5e-05,0.506,11904,1.386
10730,2.2876,5e-05,0.506,11889,1.386
10740,2.3623,5e-05,0.505,11898,1.386
10750,1.9526,5e-05,0.505,11868,1.386
10760,2.0439,5e-05,0.504,11714,1.386
10770,1.9795,5e-05,0.504,11936,1.386
10780,1.8613,5e-05,0.503,11900,1.386
10790,2.1685,5e-05,0.503,11763,1.386
10800,1.9346,5e-05,0.502,11862,1.386
10810,2.0273,5e-05,0.502,11963,1.386
10820,2.0713,5e-05,0.501,11757,1.386
10830,2.041,4.9e-05,0.501,11754,1.386
10840,2.4253,4.9e-05,0.501,11778,1.386
10850,1.8301,4.9e-05,0.5,11756,1.386
10860,1.7773,4.9e-05,0.5,11939,1.386
10870,1.8608,4.9e-05,0.499,11905,1.386
10880,1.7744,4.9e-05,0.499,11918,1.386
10890,1.978,4.9e-05,0.498,11875,1.386
10900,2.02,4.9e-05,0.498,11709,1.386
10910,1.8447,4.9e-05,0.497,11722,1.386
10920,1.9868,4.9e-05,0.497,11722,1.386
10930,1.9102,4.9e-05,0.496,11735,1.386
10940,2.0327,4.8e-05,0.496,11739,1.386
10950,2.0728,4.8e-05,0.495,11700,1.386
10960,2.0591,4.8e-05,0.495,11711,1.386
10970,1.9873,4.8e-05,0.495,11720,1.386
10980,2.1377,4.8e-05,0.494,11737,1.386
10990,1.8062,4.8e-05,0.494,11637,1.386
11000,1.9756,4.8e-05,0.493,11931,1.386
11010,1.8335,4.8e-05,0.493,10847,1.386
11020,2.252,4.8e-05,0.492,11942,1.386
11030,1.9097,4.8e-05,0.492,11936,1.386
11040,1.8833,4.8e-05,0.491,11894,1.386
11050,1.9951,4.7e-05,0.491,11709,1.386
11060,2.1284,4.7e-05,0.49,11712,1.386
11070,1.9258,4.7e-05,0.49,11717,1.386
11080,1.9604,4.7e-05,0.489,11722,1.386
11090,2.0176,4.7e-05,0.489,11729,1.386
11100,1.9634,4.7e-05,0.489,11717,1.386
11110,1.8936,4.7e-05,0.488,11785,1.386
11120,1.7207,4.7e-05,0.488,11932,1.386
11130,1.9478,4.7e-05,0.487,11929,1.386
11140,1.9102,4.7e-05,0.487,11905,1.386
11150,1.9775,4.7e-05,0.486,11931,1.386
11160,1.8501,4.6e-05,0.486,11910,1.386
11170,1.9326,4.6e-05,0.485,11912,1.386
11180,1.9023,4.6e-05,0.485,11923,1.386
11190,1.9229,4.6e-05,0.484,11961,1.386
11200,1.8828,4.6e-05,0.484,11922,1.386
11210,1.9365,4.6e-05,0.483,11909,1.386
11220,1.5415,4.6e-05,0.483,11935,1.386
11230,1.8232,4.6e-05,0.483,11841,1.386
11240,2.1191,4.6e-05,0.482,11721,1.386
11250,2.168,4.6e-05,0.482,11723,1.386
11260,1.9507,4.6e-05,0.481,11707,1.386
11270,1.7598,4.5e-05,0.481,11834,1.386
11280,1.9146,4.5e-05,0.48,11936,1.386
11290,2.2358,4.5e-05,0.48,11694,1.386
11300,1.9185,4.5e-05,0.479,11713,1.386
11310,2.04,4.5e-05,0.479,11699,1.386
11320,1.7905,4.5e-05,0.478,11741,1.386
11330,1.939,4.5e-05,0.478,11830,1.386
11340,1.9292,4.5e-05,0.477,11704,1.386
11350,1.9233,4.5e-05,0.477,11696,1.386
11360,1.9424,4.5e-05,0.477,11725,1.386
11370,1.8467,4.5e-05,0.476,11705,1.386
11380,2.0664,4.5e-05,0.476,11706,1.386
11390,2.042,4.4e-05,0.475,11718,1.386
11400,1.8228,4.4e-05,0.475,11769,1.386
11410,1.9243,4.4e-05,0.474,11705,1.386
11420,1.9614,4.4e-05,0.474,11724,1.386
11430,1.854,4.4e-05,0.473,11698,1.386
11440,1.9546,4.4e-05,0.473,11708,1.386
11450,1.9619,4.4e-05,0.472,11705,1.386
11460,1.8398,4.4e-05,0.472,11701,1.386
11470,1.8853,4.4e-05,0.472,11832,1.386
11480,1.6294,4.4e-05,0.471,11920,1.386
11490,1.7515,4.4e-05,0.471,11952,1.386
11500,1.7598,4.3e-05,0.47,11903,1.386
11510,1.873,4.3e-05,0.47,11941,1.386
11520,1.8955,4.3e-05,0.469,11949,1.386
11530,1.8394,4.3e-05,0.469,11934,1.386
11540,1.811,4.3e-05,0.468,11849,1.386
11550,2.1572,4.3e-05,0.468,11707,1.386
11560,2.0508,4.3e-05,0.467,11696,1.386
11570,2.0723,4.3e-05,0.467,11718,1.386
11580,1.916,4.3e-05,0.466,11689,1.386
11590,1.894,4.3e-05,0.466,11927,1.386
11600,1.9448,4.3e-05,0.466,11870,1.386
11610,1.7329,4.2e-05,0.465,11917,1.386
11620,1.8975,4.2e-05,0.465,11932,1.386
11630,1.7861,4.2e-05,0.464,11936,1.386
11640,1.9404,4.2e-05,0.464,11810,1.386
11650,1.9243,4.2e-05,0.463,11695,1.386
11660,1.7227,4.2e-05,0.463,11709,1.386
11670,1.9512,4.2e-05,0.462,11704,1.386
11680,1.938,4.2e-05,0.462,11705,1.386
11690,1.9756,4.2e-05,0.461,11723,1.386
11700,1.9028,4.2e-05,0.461,11711,1.386
11710,1.8877,4.2e-05,0.46,11856,1.386
11720,2.0151,4.1e-05,0.46,11697,1.386
11730,1.8398,4.1e-05,0.46,11710,1.386
11740,1.9805,4.1e-05,0.459,11704,1.386
11750,1.9033,4.1e-05,0.459,11725,1.386
11760,1.6924,4.1e-05,0.458,11723,1.386
11770,1.8623,4.1e-05,0.458,11706,1.386
11780,1.9722,4.1e-05,0.457,11695,1.386
11790,1.9268,4.1e-05,0.457,11711,1.386
11800,1.8506,4.1e-05,0.456,11713,1.386
11810,2.0024,4.1e-05,0.456,11712,1.386
11820,1.833,4.1e-05,0.455,11704,1.386
11830,1.7964,4.1e-05,0.455,11724,1.386
11840,1.8267,4e-05,0.454,11705,1.386
11850,1.8296,4e-05,0.454,11674,1.386
11860,1.6738,4e-05,0.454,11774,1.386
11870,1.8149,4e-05,0.453,11934,1.386
11880,2.1831,4e-05,0.453,11836,1.386
11890,1.9927,4e-05,0.452,11709,1.386
11900,1.7583,4e-05,0.452,11709,1.386
11910,2.0234,4e-05,0.451,11721,1.386
11920,1.8477,4e-05,0.451,11722,1.386
11930,1.9653,4e-05,0.45,11699,1.386
11940,1.8062,4e-05,0.45,11717,1.386
11950,1.9434,3.9e-05,0.449,11695,1.386
11960,1.9033,3.9e-05,0.449,11721,1.386
11970,1.7559,3.9e-05,0.448,11733,1.386
11980,1.9844,3.9e-05,0.448,11711,1.386
11990,2.1064,3.9e-05,0.448,11708,1.386
12000,2.2358,3.9e-05,0.447,11723,1.386
12010,1.7466,3.9e-05,0.447,10566,1.386
12020,1.8589,3.9e-05,0.446,11810,1.386
12030,1.7852,3.9e-05,0.446,11934,1.386
12040,1.9541,3.9e-05,0.445,11911,1.386
12050,1.6519,3.9e-05,0.445,11919,1.386
12060,2.0806,3.9e-05,0.444,11788,1.386
12070,2.2358,3.8e-05,0.444,11710,1.386
12080,1.8413,3.8e-05,0.443,11777,1.386
12090,1.7974,3.8e-05,0.443,11912,1.386
12100,1.957,3.8e-05,0.442,11829,1.386
12110,2.1279,3.8e-05,0.442,11708,1.386
12120,1.9438,3.8e-05,0.442,11768,1.386
12130,1.9668,3.8e-05,0.441,11757,1.386
12140,2.0127,3.8e-05,0.441,11739,1.386
12150,1.9165,3.8e-05,0.44,11713,1.386
12160,1.9307,3.8e-05,0.44,11704,1.386
12170,1.6865,3.8e-05,0.439,11867,1.386
12180,1.9736,3.7e-05,0.439,11925,1.386
12190,1.7637,3.7e-05,0.438,11959,1.386
12200,1.6318,3.7e-05,0.438,11936,1.386
12210,2.2148,3.7e-05,0.437,11845,1.386
12220,1.8691,3.7e-05,0.437,11717,1.386
12230,1.7505,3.7e-05,0.436,11692,1.386
12240,2.1104,3.7e-05,0.436,11710,1.386
12250,1.9395,3.7e-05,0.436,11699,1.386
12260,1.8442,3.7e-05,0.435,11745,1.386
12270,1.8486,3.7e-05,0.435,11866,1.386
12280,2.0527,3.7e-05,0.434,11710,1.386
12290,1.8838,3.7e-05,0.434,11725,1.386
12300,1.9683,3.6e-05,0.433,11713,1.386
12310,1.8169,3.6e-05,0.433,11722,1.386
12320,1.9062,3.6e-05,0.432,11749,1.386
12330,2.145,3.6e-05,0.432,11700,1.386
12340,1.855,3.6e-05,0.431,11710,1.386
12350,2.0327,3.6e-05,0.431,11700,1.386
12360,1.8223,3.6e-05,0.43,11690,1.386
12370,2.0225,3.6e-05,0.43,11690,1.386
12380,1.7744,3.6e-05,0.43,11716,1.386
12390,2.125,3.6e-05,0.429,11704,1.386
12400,2.042,3.6e-05,0.429,11908,1.386
12410,1.8877,3.5e-05,0.428,11952,1.386
12420,1.9048,3.5e-05,0.428,11932,1.386
12430,1.8848,3.5e-05,0.427,11701,1.386
12440,1.8408,3.5e-05,0.427,11905,1.386
12450,1.7915,3.5e-05,0.426,11917,1.386
12460,2.2183,3.5e-05,0.426,11722,1.386
12470,1.9033,3.5e-05,0.425,11716,1.386
12480,1.9141,3.5e-05,0.425,11715,1.386
12490,2.0049,3.5e-05,0.424,11714,1.386
12500,1.7349,3.5e-05,0.424,11868,1.386
12510,1.8286,3.5e-05,0.424,11908,1.386
12520,1.9551,3.5e-05,0.423,11934,1.386
12530,1.8291,3.4e-05,0.423,11904,1.386
12540,1.7705,3.4e-05,0.422,11921,1.386
12550,1.7388,3.4e-05,0.422,11935,1.386
12560,1.7788,3.4e-05,0.421,11873,1.386
12570,1.688,3.4e-05,0.421,11691,1.386
12580,1.6294,3.4e-05,0.42,11715,1.386
12590,1.916,3.4e-05,0.42,11699,1.386
12600,1.749,3.4e-05,0.419,11704,1.386
12610,1.9111,3.4e-05,0.419,11800,1.386
12620,1.7764,3.4e-05,0.419,11924,1.386
12630,1.7329,3.4e-05,0.418,11919,1.386
12640,1.8301,3.4e-05,0.418,11711,1.386
12650,1.8438,3.3e-05,0.417,11715,1.386
12660,2.2588,3.3e-05,0.417,11708,1.386
12670,2.0898,3.3e-05,0.416,11702,1.386
12680,1.7393,3.3e-05,0.416,11768,1.386
12690,1.9409,3.3e-05,0.415,11678,1.386
12700,1.9766,3.3e-05,0.415,11947,1.386
12710,1.9272,3.3e-05,0.414,11921,1.386
12720,1.9575,3.3e-05,0.414,11890,1.386
12730,2.1685,3.3e-05,0.413,11769,1.386
12740,1.9932,3.3e-05,0.413,11722,1.386
12750,1.958,3.3e-05,0.413,11718,1.386
12760,1.896,3.3e-05,0.412,11913,1.386
12770,2.0142,3.2e-05,0.412,11890,1.386
12780,2.126,3.2e-05,0.411,11694,1.386
12790,1.7295,3.2e-05,0.411,11826,1.386
12800,1.9033,3.2e-05,0.41,11919,1.386
12810,2.0659,3.2e-05,0.41,11927,1.386
12820,1.8657,3.2e-05,0.409,11786,1.386
12830,1.7607,3.2e-05,0.409,11721,1.386
12840,1.7764,3.2e-05,0.408,11892,1.386
12850,1.7822,3.2e-05,0.408,11935,1.386
12860,1.8213,3.2e-05,0.407,11919,1.386
12870,1.7827,3.2e-05,0.407,11868,1.386
12880,1.8926,3.2e-05,0.407,11909,1.386
12890,2.0259,3.1e-05,0.406,11895,1.386
12900,1.7188,3.1e-05,0.406,11913,1.386
12910,1.8892,3.1e-05,0.405,11850,1.386
12920,1.7754,3.1e-05,0.405,11726,1.386
12930,1.8804,3.1e-05,0.404,11706,1.386
12940,2.0161,3.1e-05,0.404,11718,1.386
12950,1.7744,3.1e-05,0.403,11725,1.386
12960,2.2959,3.1e-05,0.403,11695,1.386
12970,1.9268,3.1e-05,0.402,11864,1.386
12980,1.8892,3.1e-05,0.402,11862,1.386
12990,1.895,3.1e-05,0.401,11893,1.386
13000,1.7954,3.1e-05,0.401,11711,1.386
13010,1.8916,3e-05,0.401,10561,1.386
13020,1.6626,3e-05,0.4,11739,1.386
13030,1.7632,3e-05,0.4,11923,1.386
13040,1.7715,3e-05,0.399,11924,1.386
13050,1.9312,3e-05,0.399,11931,1.386
13060,1.7393,3e-05,0.398,11929,1.386
13070,1.8994,3e-05,0.398,11448,1.386
13080,1.7822,3e-05,0.397,11641,1.386
13090,1.9639,3e-05,0.397,11707,1.386
13100,1.9062,3e-05,0.396,11209,1.386
13110,1.8125,3e-05,0.396,11786,1.386
13120,2.1128,3e-05,0.395,11843,1.386
13130,2.0156,2.9e-05,0.395,11715,1.386
13140,1.7944,2.9e-05,0.395,11712,1.386
13150,1.9639,2.9e-05,0.394,11908,1.386
13160,1.6567,2.9e-05,0.394,11923,1.386
13170,1.9175,2.9e-05,0.393,11926,1.386
13180,1.8857,2.9e-05,0.393,11937,1.386
13190,1.5391,2.9e-05,0.392,11912,1.386
13200,1.959,2.9e-05,0.392,11924,1.386
13210,1.9692,2.9e-05,0.391,11941,1.386
13220,1.9111,2.9e-05,0.391,11832,1.386
13230,1.894,2.9e-05,0.39,11727,1.386
13240,1.9478,2.9e-05,0.39,11754,1.386
13250,1.6831,2.8e-05,0.389,11948,1.386
13260,1.8071,2.8e-05,0.389,11941,1.386
13270,1.8584,2.8e-05,0.389,11944,1.386
13280,1.8296,2.8e-05,0.388,11911,1.386
13290,2.1182,2.8e-05,0.388,11955,1.386
13300,1.9517,2.8e-05,0.387,11731,1.386
13310,1.8403,2.8e-05,0.387,11738,1.386
13320,1.7964,2.8e-05,0.386,11745,1.386
13330,1.6333,2.8e-05,0.386,11742,1.386
13340,1.8154,2.8e-05,0.385,11733,1.386
13350,1.6968,2.8e-05,0.385,11855,1.386
13360,1.8218,2.8e-05,0.384,11937,1.386
13370,1.9751,2.8e-05,0.384,11900,1.386
13380,1.9399,2.7e-05,0.383,11734,1.386
13390,2.0356,2.7e-05,0.383,11702,1.386
13400,1.8823,2.7e-05,0.383,11866,1.386
13410,1.9272,2.7e-05,0.382,11947,1.386
13420,1.9517,2.7e-05,0.382,11731,1.386
13430,1.7915,2.7e-05,0.381,11734,1.386
13440,1.9268,2.7e-05,0.381,11709,1.386
13450,1.8013,2.7e-05,0.38,11711,1.386
13460,1.9795,2.7e-05,0.38,11714,1.386
13470,1.8984,2.7e-05,0.379,11720,1.386
13480,1.8638,2.7e-05,0.379,11749,1.386
13490,1.8291,2.7e-05,0.378,11912,1.386
13500,1.9131,2.6e-05,0.378,11936,1.386
13510,1.8979,2.6e-05,0.377,11945,1.386
13520,1.9136,2.6e-05,0.377,11933,1.386
13530,1.8594,2.6e-05,0.377,11917,1.386
13540,1.8013,2.6e-05,0.376,11939,1.386
13550,1.6768,2.6e-05,0.376,11927,1.386
13560,1.8164,2.6e-05,0.375,11951,1.386
13570,1.7861,2.6e-05,0.375,11776,1.386
13580,1.8892,2.6e-05,0.374,11737,1.386
13590,1.8242,2.6e-05,0.374,11745,1.386
13600,1.771,2.6e-05,0.373,11747,1.386
13610,1.9175,2.6e-05,0.373,11757,1.386
13620,1.8149,2.6e-05,0.372,11928,1.386
13630,1.73,2.5e-05,0.372,11765,1.386
13640,2.1138,2.5e-05,0.372,11752,1.386
13650,1.957,2.5e-05,0.371,11740,1.386
13660,1.7935,2.5e-05,0.371,11754,1.386
13670,1.7944,2.5e-05,0.37,11733,1.386
13680,2.1831,2.5e-05,0.37,11711,1.386
13690,2.0146,2.5e-05,0.369,11689,1.386
13700,1.8477,2.5e-05,0.369,11711,1.386
13710,1.7563,2.5e-05,0.368,11724,1.386
13720,1.9424,2.5e-05,0.368,11723,1.386
13730,1.8315,2.5e-05,0.367,11864,1.386
13740,1.8091,2.5e-05,0.367,11837,1.386
13750,1.9668,2.5e-05,0.366,11727,1.386
13760,1.77,2.4e-05,0.366,11755,1.386
13770,1.7227,2.4e-05,0.366,11717,1.386
13780,1.9468,2.4e-05,0.365,11772,1.386
13790,2.0308,2.4e-05,0.365,11945,1.386
13800,1.9741,2.4e-05,0.364,11814,1.386
13810,2.019,2.4e-05,0.364,11706,1.386
13820,1.6538,2.4e-05,0.363,11715,1.386
13830,1.8257,2.4e-05,0.363,11708,1.386
13840,1.7632,2.4e-05,0.362,11721,1.386
13850,1.8711,2.4e-05,0.362,11709,1.386
13860,1.8862,2.4e-05,0.361,11713,1.386
13870,1.7373,2.4e-05,0.361,11707,1.386
13880,1.917,2.4e-05,0.36,11724,1.386
13890,1.8247,2.3e-05,0.36,11709,1.386
13900,1.8042,2.3e-05,0.36,11720,1.386
13910,1.7725,2.3e-05,0.359,11796,1.386
13920,1.9507,2.3e-05,0.359,11912,1.386
13930,1.8804,2.3e-05,0.358,11886,1.386
13940,1.8374,2.3e-05,0.358,11724,1.386
13950,1.7129,2.3e-05,0.357,11723,1.386
13960,1.8306,2.3e-05,0.357,11703,1.386
13970,2.2446,2.3e-05,0.356,11719,1.386
13980,2.0322,2.3e-05,0.356,11722,1.386
13990,1.8921,2.3e-05,0.355,11840,1.386
14000,1.8003,2.3e-05,0.355,11711,1.386
14010,1.8081,2.3e-05,0.354,10154,1.386
14020,1.8008,2.2e-05,0.354,11702,1.386
14030,1.9375,2.2e-05,0.354,11733,1.386
14040,1.8921,2.2e-05,0.353,11728,1.386
14050,1.7881,2.2e-05,0.353,11731,1.386
14060,2.1284,2.2e-05,0.352,11714,1.386
14070,1.9253,2.2e-05,0.352,11730,1.386
14080,1.8369,2.2e-05,0.351,11717,1.386
14090,1.9116,2.2e-05,0.351,11718,1.386
14100,2.1001,2.2e-05,0.35,11724,1.386
14110,1.8062,2.2e-05,0.35,11866,1.386
14120,1.8188,2.2e-05,0.349,11925,1.386
14130,1.7769,2.2e-05,0.349,11949,1.386
14140,1.5342,2.2e-05,0.348,11955,1.386
14150,1.8335,2.1e-05,0.348,11800,1.386
14160,1.98,2.1e-05,0.348,11731,1.386
14170,1.7671,2.1e-05,0.347,11730,1.386
14180,1.728,2.1e-05,0.347,11719,1.386
14190,1.6904,2.1e-05,0.346,11702,1.386
14200,1.6665,2.1e-05,0.346,11852,1.386
14210,1.7773,2.1e-05,0.345,11753,1.386
14220,1.8555,2.1e-05,0.345,11731,1.386
14230,1.7808,2.1e-05,0.344,11302,1.386
14240,1.7686,2.1e-05,0.344,11312,1.386
14250,1.8188,2.1e-05,0.343,11760,1.386
14260,1.9043,2.1e-05,0.343,11803,1.386
14270,1.9512,2.1e-05,0.342,11739,1.386
14280,1.8481,2.1e-05,0.342,11039,1.386
14290,1.8374,2e-05,0.342,11599,1.386
14300,1.8745,2e-05,0.341,11936,1.386
14310,1.771,2e-05,0.341,11917,1.386
14320,1.8228,2e-05,0.34,11756,1.386
14330,1.749,2e-05,0.34,11929,1.386
14340,1.813,2e-05,0.339,11935,1.386
14350,1.8857,2e-05,0.339,11924,1.386
14360,1.7637,2e-05,0.338,11824,1.386
14370,1.8052,2e-05,0.338,11708,1.386
14380,1.8052,2e-05,0.337,11699,1.386
14390,1.8008,2e-05,0.337,11717,1.386
14400,1.8286,2e-05,0.336,11847,1.386
14410,1.8125,2e-05,0.336,11926,1.386
14420,1.9253,2e-05,0.336,11909,1.386
14430,1.8213,1.9e-05,0.335,11709,1.386
14440,2.0366,1.9e-05,0.335,11727,1.386
14450,1.7856,1.9e-05,0.334,11717,1.386
14460,1.6333,1.9e-05,0.334,11711,1.386
14470,1.8823,1.9e-05,0.333,11698,1.386
14480,1.8662,1.9e-05,0.333,11686,1.386
14490,1.8687,1.9e-05,0.332,11712,1.386
14500,1.7524,1.9e-05,0.332,11713,1.386
14510,1.8706,1.9e-05,0.331,11727,1.386
14520,1.8477,1.9e-05,0.331,11707,1.386
14530,2.3345,1.9e-05,0.33,11716,1.386
14540,1.5752,1.9e-05,0.33,11837,1.386
14550,1.4839,1.9e-05,0.33,11910,1.386
14560,1.4888,1.9e-05,0.329,11927,1.386
14570,1.8276,1.8e-05,0.329,11935,1.386
14580,1.7515,1.8e-05,0.328,11921,1.386
14590,1.7158,1.8e-05,0.328,11920,1.386
14600,1.6079,1.8e-05,0.327,11916,1.386
14610,1.8569,1.8e-05,0.327,11938,1.386
14620,1.792,1.8e-05,0.326,11946,1.386
14630,1.7256,1.8e-05,0.326,11955,1.386
14640,1.814,1.8e-05,0.325,11913,1.386
14650,1.9204,1.8e-05,0.325,11907,1.386
14660,1.8906,1.8e-05,0.325,11729,1.386
14670,1.7949,1.8e-05,0.324,11730,1.386
14680,1.8008,1.8e-05,0.324,11726,1.386
14690,2.1621,1.8e-05,0.323,11718,1.386
14700,1.8521,1.8e-05,0.323,11709,1.386
14710,1.7827,1.8e-05,0.322,11731,1.386
14720,1.9531,1.7e-05,0.322,11731,1.386
14730,1.8159,1.7e-05,0.321,11939,1.386
14740,1.7358,1.7e-05,0.321,11949,1.386
14750,1.9243,1.7e-05,0.32,11838,1.386
14760,2.0576,1.7e-05,0.32,11729,1.386
14770,1.9395,1.7e-05,0.319,11722,1.386
14780,1.7671,1.7e-05,0.319,11863,1.386
14790,1.8218,1.7e-05,0.319,11959,1.386
14800,1.814,1.7e-05,0.318,11943,1.386
14810,1.8223,1.7e-05,0.318,11768,1.386
14820,1.6606,1.7e-05,0.317,11740,1.386
14830,1.8315,1.7e-05,0.317,11936,1.386
14840,1.8311,1.7e-05,0.316,11920,1.386
14850,1.8936,1.7e-05,0.316,11923,1.386
14860,1.835,1.7e-05,0.315,11921,1.386
14870,1.7646,1.6e-05,0.315,11920,1.386
14880,1.9355,1.6e-05,0.314,11880,1.386
14890,1.978,1.6e-05,0.314,11735,1.386
14900,1.731,1.6e-05,0.313,11736,1.386
14910,1.5547,1.6e-05,0.313,11887,1.386
14920,1.7812,1.6e-05,0.313,11957,1.386
14930,2.1182,1.6e-05,0.312,11767,1.386
14940,1.8774,1.6e-05,0.312,11742,1.386
14950,1.8691,1.6e-05,0.311,11720,1.386
14960,1.7256,1.6e-05,0.311,11745,1.386
14970,2.0039,1.6e-05,0.31,11727,1.386
14980,2.1182,1.6e-05,0.31,11719,1.386
14990,1.7808,1.6e-05,0.309,11848,1.386
15000,1.6841,1.6e-05,0.309,11807,1.386
15010,1.8804,1.6e-05,0.308,10138,1.386
15020,2.0322,1.5e-05,0.308,11812,1.386
15030,1.8325,1.5e-05,0.307,11702,1.386
15040,1.8555,1.5e-05,0.307,11718,1.386
15050,1.9092,1.5e-05,0.307,11718,1.386
15060,1.5166,1.5e-05,0.306,11842,1.386
15070,1.6738,1.5e-05,0.306,11924,1.386
15080,1.75,1.5e-05,0.305,11942,1.386
15090,1.9893,1.5e-05,0.305,11864,1.386
15100,2.3276,1.5e-05,0.304,11707,1.386
15110,1.7559,1.5e-05,0.304,11695,1.386
15120,1.9331,1.5e-05,0.303,11727,1.386
15130,1.5996,1.5e-05,0.303,11711,1.386
15140,1.8027,1.5e-05,0.302,11897,1.386
15150,1.6079,1.5e-05,0.302,11935,1.386
15160,1.8501,1.5e-05,0.301,11964,1.386
15170,1.9062,1.5e-05,0.301,11945,1.386
15180,1.8701,1.4e-05,0.301,11934,1.386
15190,1.7783,1.4e-05,0.3,11914,1.386
15200,1.9092,1.4e-05,0.3,11900,1.386
15210,1.8179,1.4e-05,0.299,11918,1.386
15220,1.731,1.4e-05,0.299,11838,1.386
15230,2.2817,1.4e-05,0.298,11720,1.386
15240,1.7656,1.4e-05,0.298,11721,1.386
15250,1.937,1.4e-05,0.297,11746,1.386
15260,1.8574,1.4e-05,0.297,11742,1.386
15270,1.7759,1.4e-05,0.296,11747,1.386
15280,1.7207,1.4e-05,0.296,11460,1.386
15290,1.6782,1.4e-05,0.295,9518,1.386
15300,1.8159,1.4e-05,0.295,11723,1.386
15310,1.8042,1.4e-05,0.295,11720,1.386
15320,1.9453,1.4e-05,0.294,11733,1.386
15330,1.9966,1.4e-05,0.294,11734,1.386
15340,1.9614,1.3e-05,0.293,11945,1.386
15350,1.8555,1.3e-05,0.293,11906,1.386
15360,1.6934,1.3e-05,0.292,11832,1.386
15370,1.7505,1.3e-05,0.292,11734,1.386
15380,1.7896,1.3e-05,0.291,11711,1.386
15390,2.1426,1.3e-05,0.291,11731,1.386
15400,1.938,1.3e-05,0.29,11718,1.386
15410,1.811,1.3e-05,0.29,11723,1.386
15420,1.6973,1.3e-05,0.289,11809,1.386
15430,1.5691,1.3e-05,0.289,11874,1.386
15440,1.7407,1.3e-05,0.289,11936,1.386
15450,1.7808,1.3e-05,0.288,11805,1.386
15460,1.9048,1.3e-05,0.288,11916,1.386
15470,1.8779,1.3e-05,0.287,11829,1.386
15480,1.6782,1.3e-05,0.287,11761,1.386
15490,2.0269,1.3e-05,0.286,11742,1.386
15500,1.875,1.2e-05,0.286,11736,1.386
15510,1.8896,1.2e-05,0.285,11730,1.386
15520,1.7285,1.2e-05,0.285,11721,1.386
15530,2.0,1.2e-05,0.284,11848,1.386
15540,1.9907,1.2e-05,0.284,11832,1.386
15550,1.9399,1.2e-05,0.283,11726,1.386
15560,1.7476,1.2e-05,0.283,11826,1.386
15570,1.8159,1.2e-05,0.283,11899,1.386
15580,1.918,1.2e-05,0.282,11743,1.386
15590,1.5967,1.2e-05,0.282,11870,1.386
15600,1.7822,1.2e-05,0.281,11832,1.386
15610,1.894,1.2e-05,0.281,11723,1.386
15620,1.7371,1.2e-05,0.28,11731,1.386
15630,1.8896,1.2e-05,0.28,11737,1.386
15640,1.9849,1.2e-05,0.279,11737,1.386
15650,1.6992,1.2e-05,0.279,11810,1.386
15660,1.9727,1.2e-05,0.278,11924,1.386
15670,2.0054,1.1e-05,0.278,11918,1.386
15680,1.8613,1.1e-05,0.278,11946,1.386
15690,1.8696,1.1e-05,0.277,11926,1.386
15700,1.8188,1.1e-05,0.277,11933,1.386
15710,1.7686,1.1e-05,0.276,11952,1.386
15720,1.9883,1.1e-05,0.276,11839,1.386
15730,1.957,1.1e-05,0.275,11937,1.386
15740,1.875,1.1e-05,0.275,11730,1.386
15750,1.7153,1.1e-05,0.274,11724,1.386
15760,1.7856,1.1e-05,0.274,11719,1.386
15770,1.6128,1.1e-05,0.273,11818,1.386
15780,1.8486,1.1e-05,0.273,11944,1.386
15790,1.8247,1.1e-05,0.272,11946,1.386
15800,1.5654,1.1e-05,0.272,11954,1.386
15810,1.7979,1.1e-05,0.272,11936,1.386
15820,1.7319,1.1e-05,0.271,11934,1.386
15830,1.9355,1.1e-05,0.271,11719,1.386
15840,1.7622,1.1e-05,0.27,11837,1.386
15850,1.9131,1e-05,0.27,11812,1.386
15860,2.0063,1e-05,0.269,11740,1.386
15870,1.6858,1e-05,0.269,11716,1.386
15880,1.7808,1e-05,0.268,11716,1.386
15890,1.6133,1e-05,0.268,11702,1.386
15900,1.8516,1e-05,0.267,11726,1.386
15910,1.769,1e-05,0.267,11741,1.386
15920,1.9351,1e-05,0.266,11728,1.386
15930,1.7441,1e-05,0.266,11745,1.386
15940,1.939,1e-05,0.266,11742,1.386
15950,1.8979,1e-05,0.265,11733,1.386
15960,1.7983,1e-05,0.265,11734,1.386
15970,1.5732,1e-05,0.264,11827,1.386
15980,1.8296,1e-05,0.264,11941,1.386
15990,1.8159,1e-05,0.263,11856,1.386
16000,1.875,1e-05,0.263,11735,1.386
16010,1.8618,1e-05,0.262,10316,1.386
16020,1.8438,1e-05,0.262,11836,1.386
16030,1.8867,1e-05,0.261,11736,1.386
16040,1.918,9e-06,0.261,11741,1.386
16050,1.5684,9e-06,0.26,11719,1.386
16060,1.8281,9e-06,0.26,11735,1.386
16070,1.7046,9e-06,0.26,11732,1.386
16080,1.8433,9e-06,0.259,11865,1.386
16090,1.9004,9e-06,0.259,11732,1.386
16100,1.8896,9e-06,0.258,11719,1.386
16110,1.8477,9e-06,0.258,11727,1.386
16120,1.8018,9e-06,0.257,11754,1.386
16130,1.8286,9e-06,0.257,11739,1.386
16140,1.6335,9e-06,0.256,11731,1.386
16150,1.7661,9e-06,0.256,11784,1.386
16160,1.7749,9e-06,0.255,11963,1.386
16170,1.6802,9e-06,0.255,11944,1.386
16180,1.9375,9e-06,0.254,11851,1.386
16190,1.7622,9e-06,0.254,11726,1.386
16200,1.8696,9e-06,0.254,11743,1.386
16210,1.8408,9e-06,0.253,11718,1.386
16220,1.7041,9e-06,0.253,11934,1.386
16230,1.8335,8e-06,0.252,11920,1.386
16240,1.7578,8e-06,0.252,11926,1.386
16250,1.8325,8e-06,0.251,11920,1.386
16260,1.7686,8e-06,0.251,11881,1.386
16270,1.8115,8e-06,0.25,11860,1.386
16280,1.814,8e-06,0.25,11742,1.386
16290,1.7061,8e-06,0.249,11932,1.386
16300,1.666,8e-06,0.249,11939,1.386
16310,1.6763,8e-06,0.248,11936,1.386
16320,1.9917,8e-06,0.248,11914,1.386
16330,1.7944,8e-06,0.248,11720,1.386
16340,1.8218,8e-06,0.247,11728,1.386
16350,1.8467,8e-06,0.247,11742,1.386
16360,1.873,8e-06,0.246,11730,1.386
16370,1.5527,8e-06,0.246,11776,1.386
16380,1.7969,8e-06,0.245,11927,1.386
16390,1.7959,8e-06,0.245,11766,1.386
16400,1.6157,8e-06,0.244,11705,1.386
16410,1.7676,8e-06,0.244,11727,1.386
16420,1.6177,8e-06,0.243,11741,1.386
16430,1.7085,8e-06,0.243,11699,1.386
16440,1.7612,7e-06,0.242,11698,1.386
16450,1.5986,7e-06,0.242,11721,1.386
16460,1.6104,7e-06,0.242,11750,1.386
16470,1.5366,7e-06,0.241,11943,1.386
16480,1.7021,7e-06,0.241,11969,1.386
16490,1.7656,7e-06,0.24,11927,1.386
16500,1.6968,7e-06,0.24,11952,1.386
16510,1.5894,7e-06,0.239,11950,1.386
16520,1.9067,7e-06,0.239,11858,1.386
16530,1.7373,7e-06,0.238,11738,1.386
16540,1.7842,7e-06,0.238,11878,1.386
16550,1.6753,7e-06,0.237,11730,1.386
16560,1.7271,7e-06,0.237,11697,1.386
16570,2.0029,7e-06,0.236,11714,1.386
16580,1.8291,7e-06,0.236,11740,1.386
16590,1.7095,7e-06,0.236,11738,1.386
16600,1.7544,7e-06,0.235,11732,1.386
16610,1.7471,7e-06,0.235,11729,1.386
16620,1.6797,7e-06,0.234,11908,1.386
16630,1.6714,7e-06,0.234,11934,1.386
16640,1.5381,7e-06,0.233,11942,1.386
16650,1.7427,7e-06,0.233,11925,1.386
16660,1.7368,6e-06,0.232,11830,1.386
16670,1.729,6e-06,0.232,11949,1.386
16680,1.9473,6e-06,0.231,11723,1.386
16690,2.0669,6e-06,0.231,11708,1.386
16700,1.7856,6e-06,0.231,11724,1.386
16710,1.7676,6e-06,0.23,11696,1.386
16720,1.71,6e-06,0.23,11731,1.386
16730,1.8892,6e-06,0.229,11736,1.386
16740,1.6685,6e-06,0.229,11729,1.386
16750,1.8921,6e-06,0.228,11727,1.386
16760,1.7163,6e-06,0.228,11713,1.386
16770,1.6802,6e-06,0.227,11765,1.386
16780,1.8481,6e-06,0.227,11836,1.386
16790,1.666,6e-06,0.226,11793,1.386
16800,1.6558,6e-06,0.226,11732,1.386
16810,1.6294,6e-06,0.225,11703,1.386
16820,1.9053,6e-06,0.225,11728,1.386
16830,1.8843,6e-06,0.225,11823,1.386
16840,1.6162,6e-06,0.224,11941,1.386
16850,1.582,6e-06,0.224,11929,1.386
16860,1.5366,6e-06,0.223,11807,1.386
16870,1.5762,6e-06,0.223,11956,1.386
16880,1.6528,6e-06,0.222,11948,1.386
16890,1.5742,5e-06,0.222,11930,1.386
16900,1.812,5e-06,0.221,11931,1.386
16910,1.6895,5e-06,0.221,11753,1.386
16920,1.5361,5e-06,0.22,11741,1.386
16930,1.5496,5e-06,0.22,11726,1.386
16940,1.6162,5e-06,0.219,11981,1.386
16950,1.6768,5e-06,0.219,11878,1.386
16960,1.5701,5e-06,0.219,11728,1.386
16970,1.4546,5e-06,0.218,11712,1.386
16980,1.6499,5e-06,0.218,11906,1.386
16990,1.7368,5e-06,0.217,11945,1.386
17000,1.8467,5e-06,0.217,11956,1.386
17010,1.6699,5e-06,0.216,9512,1.386
17020,1.5908,5e-06,0.216,11963,1.386
17030,1.6475,5e-06,0.215,11815,1.386
17040,1.6528,5e-06,0.215,11725,1.386
17050,1.7437,5e-06,0.214,11714,1.386
17060,1.6709,5e-06,0.214,11728,1.386
17070,1.7959,5e-06,0.213,11915,1.386
17080,1.5635,5e-06,0.213,11956,1.386
17090,1.6484,5e-06,0.213,11940,1.386
17100,1.9556,5e-06,0.212,11816,1.386
17110,1.6479,5e-06,0.212,11716,1.386
17120,1.8135,5e-06,0.211,11714,1.386
17130,1.6567,5e-06,0.211,11888,1.386
17140,1.5405,5e-06,0.21,11930,1.386
17150,1.6533,4e-06,0.21,11822,1.386
17160,1.5747,4e-06,0.209,11738,1.386
17170,1.542,4e-06,0.209,11732,1.386
17180,1.7432,4e-06,0.208,11899,1.386
17190,1.7734,4e-06,0.208,11866,1.386
17200,1.5474,4e-06,0.207,11871,1.386
17210,1.5107,4e-06,0.207,11945,1.386
17220,1.8052,4e-06,0.207,11854,1.386
17230,1.7402,4e-06,0.206,11724,1.386
17240,1.8594,4e-06,0.206,11731,1.386
17250,1.7852,4e-06,0.205,11783,1.386
17260,1.7139,4e-06,0.205,11835,1.386
17270,1.71,4e-06,0.204,11741,1.386
17280,1.8208,4e-06,0.204,11730,1.386
17290,1.7163,4e-06,0.203,11747,1.386
17300,1.4331,4e-06,0.203,11790,1.386
17310,1.9424,4e-06,0.202,11743,1.386
17320,1.5894,4e-06,0.202,11722,1.386
17330,1.6411,4e-06,0.201,11727,1.386
17340,1.6616,4e-06,0.201,11835,1.386
17350,1.6489,4e-06,0.201,11954,1.386
17360,1.7676,4e-06,0.2,11727,1.386
17370,1.6509,4e-06,0.2,11734,1.386
17380,1.6382,4e-06,0.199,11738,1.386
17390,1.6267,4e-06,0.199,11733,1.386
17400,1.584,4e-06,0.198,11907,1.386
17410,1.71,4e-06,0.198,11990,1.386
17420,1.6206,4e-06,0.197,11953,1.386
17430,1.5781,4e-06,0.197,11804,1.386
17440,1.645,3e-06,0.196,11739,1.386
17450,1.5923,3e-06,0.196,11761,1.386
17460,1.8057,3e-06,0.195,11793,1.386
17470,1.6714,3e-06,0.195,11932,1.386
17480,1.5967,3e-06,0.195,11942,1.386
17490,1.792,3e-06,0.194,11949,1.386
17500,1.5376,3e-06,0.194,11947,1.386
17510,1.6333,3e-06,0.193,11989,1.386
17520,1.6753,3e-06,0.193,11900,1.386
17530,1.6909,3e-06,0.192,11748,1.386
17540,1.604,3e-06,0.192,11738,1.386
17550,1.6006,3e-06,0.191,11966,1.386
17560,1.5747,3e-06,0.191,11947,1.386
17570,1.772,3e-06,0.19,11828,1.386
17580,1.7178,3e-06,0.19,11730,1.386
17590,2.0483,3e-06,0.189,11828,1.386
17600,1.5244,3e-06,0.189,11724,1.386
17610,1.7246,3e-06,0.189,11726,1.386
17620,1.665,3e-06,0.188,11726,1.386
17630,1.6816,3e-06,0.188,11714,1.386
17640,1.7695,3e-06,0.187,11700,1.386
17650,1.686,3e-06,0.187,11895,1.386
17660,1.6978,3e-06,0.186,11740,1.386
17670,1.8335,3e-06,0.186,11713,1.386
17680,1.6733,3e-06,0.185,11715,1.386
17690,1.6699,3e-06,0.185,11737,1.386
17700,1.6919,3e-06,0.184,11728,1.386
17710,1.7026,3e-06,0.184,11738,1.386
17720,1.4243,3e-06,0.183,11950,1.386
17730,1.5342,3e-06,0.183,11949,1.386
17740,1.7114,3e-06,0.183,11963,1.386
17750,1.6831,3e-06,0.182,11836,1.386
17760,1.5317,2e-06,0.182,11933,1.386
17770,1.5137,2e-06,0.181,11748,1.386
17780,1.6548,2e-06,0.181,11735,1.386
17790,1.7539,2e-06,0.18,11732,1.386
17800,1.7354,2e-06,0.18,11723,1.386
17810,1.563,2e-06,0.179,11708,1.386
17820,1.7793,2e-06,0.179,11719,1.386
17830,1.4792,2e-06,0.178,11729,1.386
17840,1.7197,2e-06,0.178,11737,1.386
17850,1.7119,2e-06,0.178,11732,1.386
17860,1.6221,2e-06,0.177,11725,1.386
17870,1.4011,2e-06,0.177,11748,1.386
17880,1.605,2e-06,0.176,11721,1.386
17890,1.6348,2e-06,0.176,11738,1.386
17900,1.4287,2e-06,0.175,11851,1.386
17910,1.6479,2e-06,0.175,11944,1.386
17920,1.5269,2e-06,0.174,11885,1.386
17930,1.4907,2e-06,0.174,11721,1.386
17940,1.6587,2e-06,0.173,11721,1.386
17950,1.5176,2e-06,0.173,11816,1.386
17960,1.4097,2e-06,0.172,11950,1.386
17970,1.4199,2e-06,0.172,11943,1.386
17980,1.3818,2e-06,0.172,11952,1.386
17990,1.5293,2e-06,0.171,11924,1.386
18000,1.5562,2e-06,0.171,11720,1.386
18010,1.7324,2e-06,0.17,10475,1.386
18020,1.5718,2e-06,0.17,11858,1.386
18030,1.7026,2e-06,0.169,11720,1.386
18040,1.7046,2e-06,0.169,11742,1.386
18050,1.6646,2e-06,0.168,11729,1.386
18060,1.6865,2e-06,0.168,11804,1.386
18070,1.6606,2e-06,0.167,11721,1.386
18080,1.4961,2e-06,0.167,11731,1.386
18090,1.4292,2e-06,0.166,11810,1.386
18100,1.552,2e-06,0.166,11921,1.386
18110,1.5547,2e-06,0.166,11949,1.386
18120,1.4199,2e-06,0.165,11832,1.386
18130,1.5757,2e-06,0.165,11720,1.386
18140,1.6812,2e-06,0.164,11709,1.386
18150,1.4431,2e-06,0.164,11691,1.386
18160,1.4956,2e-06,0.163,11710,1.386
18170,1.4312,1e-06,0.163,11932,1.386
18180,1.54,1e-06,0.162,11960,1.386
18190,1.4653,1e-06,0.162,11942,1.386
18200,1.7407,1e-06,0.161,11783,1.386
18210,1.3745,1e-06,0.161,11808,1.386
18220,1.5522,1e-06,0.16,11925,1.386
18230,1.5845,1e-06,0.16,11897,1.386
18240,1.366,1e-06,0.16,11744,1.386
18250,1.3887,1e-06,0.159,11965,1.386
18260,1.522,1e-06,0.159,11770,1.386
18270,1.2668,1e-06,0.158,11967,1.386
18280,1.4854,1e-06,0.158,11985,1.386
18290,1.731,1e-06,0.157,11699,1.386
18300,1.792,1e-06,0.157,11676,1.386
18310,1.5493,1e-06,0.156,11960,1.386
18320,1.5037,1e-06,0.156,11863,1.386
18330,1.707,1e-06,0.155,11710,1.386
18340,1.5625,1e-06,0.155,11780,1.386
18350,1.6436,1e-06,0.154,11805,1.386
18360,1.6924,1e-06,0.154,11720,1.386
18370,1.6191,1e-06,0.154,11729,1.386
18380,1.6553,1e-06,0.153,11727,1.386
18390,1.6104,1e-06,0.153,11712,1.386
18400,1.6748,1e-06,0.152,11686,1.386
18410,1.7305,1e-06,0.152,11700,1.386
18420,1.563,1e-06,0.151,11710,1.386
18430,1.5859,1e-06,0.151,11707,1.386
18440,1.5811,1e-06,0.15,11705,1.386
18450,1.5796,1e-06,0.15,11714,1.386
18460,1.6665,1e-06,0.149,11725,1.386
18470,1.3989,1e-06,0.149,11957,1.386
18480,1.4783,1e-06,0.148,11794,1.386
18490,1.5029,1e-06,0.148,11701,1.386
18500,1.5,1e-06,0.148,11701,1.386
18510,1.4746,1e-06,0.147,11705,1.386
18520,1.8315,1e-06,0.147,11875,1.386
18530,1.6626,1e-06,0.146,11811,1.386
18540,1.8623,1e-06,0.146,11700,1.386
18550,1.5254,1e-06,0.145,11707,1.386
18560,1.3765,1e-06,0.145,11696,1.386
18570,1.563,1e-06,0.144,11823,1.386
18580,1.4346,1e-06,0.144,11973,1.386
18590,1.7637,1e-06,0.143,11870,1.386
18600,1.4634,1e-06,0.143,11717,1.386
18610,1.5884,1e-06,0.142,11727,1.386
18620,1.7476,1e-06,0.142,11708,1.386
18630,1.4966,1e-06,0.142,11724,1.386
18640,1.7051,1e-06,0.141,11729,1.386
18650,1.4424,1e-06,0.141,11781,1.386
18660,1.5596,1e-06,0.14,11796,1.386
18670,1.6978,1e-06,0.14,11733,1.386
18680,1.6021,1e-06,0.139,11721,1.386
18690,1.6025,1e-06,0.139,11718,1.386
18700,1.6606,1e-06,0.138,11726,1.386
18710,1.6431,1e-06,0.138,11723,1.386
18720,1.6943,1e-06,0.137,11712,1.386
18730,1.5371,1e-06,0.137,11936,1.386
18740,1.7273,1e-06,0.136,11944,1.386
18750,1.8237,0.0,0.136,11945,1.386
18760,1.6045,0.0,0.136,11867,1.386
18770,1.6753,0.0,0.135,11934,1.386
18780,1.6758,0.0,0.135,11947,1.386
18790,1.8203,0.0,0.134,11828,1.386
18800,1.583,0.0,0.134,11735,1.386
18810,1.5327,0.0,0.133,11732,1.386
18820,1.6519,0.0,0.133,11721,1.386
18830,1.6934,0.0,0.132,11695,1.386
18840,1.3887,0.0,0.132,11721,1.386
18850,1.7778,0.0,0.131,11713,1.386
18860,1.5671,0.0,0.131,11715,1.386
18870,1.71,0.0,0.131,11732,1.386
18880,1.5723,0.0,0.13,11698,1.386
18890,1.8135,0.0,0.13,11698,1.386
18900,1.4941,0.0,0.129,11710,1.386
18910,1.532,0.0,0.129,11706,1.386
18920,1.3477,0.0,0.128,10064,1.386
18930,1.3159,0.0,0.128,12000,1.386
18940,1.4258,0.0,0.127,11943,1.386
18950,1.4868,0.0,0.127,11930,1.386
18960,1.5693,0.0,0.126,11812,1.386
18970,1.6333,0.0,0.126,11712,1.386
18980,1.4414,0.0,0.125,11727,1.386
18990,1.5039,0.0,0.125,11760,1.386
19000,1.6816,0.0,0.125,11902,1.386
19010,1.5977,0.0,0.124,10286,1.386
19020,1.416,0.0,0.124,11883,1.386
19030,1.5269,0.0,0.123,11834,1.386
19040,1.5508,0.0,0.123,11712,1.386
19050,1.5142,0.0,0.122,11702,1.386
19060,1.521,0.0,0.122,11728,1.386
19070,1.5269,0.0,0.121,11729,1.386
19080,1.5625,0.0,0.121,11701,1.386
19090,1.5889,0.0,0.12,11694,1.386
19100,1.5347,0.0,0.12,11843,1.386
19110,1.6934,0.0,0.119,11933,1.386
19120,1.5542,0.0,0.119,11837,1.386
19130,1.8442,0.0,0.119,11707,1.386
19140,1.498,0.0,0.118,11718,1.386
19150,1.5405,0.0,0.118,11736,1.386
19160,1.729,0.0,0.117,11733,1.386
19170,1.6006,0.0,0.117,11750,1.386
19180,1.4512,0.0,0.116,11707,1.386
19190,1.4453,0.0,0.116,11726,1.386
19200,1.6763,0.0,0.115,11720,1.386
19210,1.2983,0.0,0.115,11693,1.386
19220,1.4648,0.0,0.114,11792,1.386
19230,1.6455,0.0,0.114,11687,1.386
19240,1.4912,0.0,0.113,11929,1.386
19250,1.4053,0.0,0.113,11957,1.386
19260,1.4414,0.0,0.113,11946,1.386
19270,1.4771,0.0,0.112,11960,1.386
19280,1.5078,0.0,0.112,11950,1.386
19290,1.4985,0.0,0.111,11719,1.386
19300,1.4321,0.0,0.111,11703,1.386
19310,1.5259,0.0,0.11,11726,1.386
19320,1.4636,0.0,0.11,11725,1.386
19330,1.6602,0.0,0.109,11706,1.386
19340,1.4829,0.0,0.109,11750,1.386
19350,1.3438,0.0,0.108,11995,1.386
19360,1.6973,0.0,0.108,11773,1.386
19370,1.4675,0.0,0.107,11696,1.386
19380,1.4741,0.0,0.107,11703,1.386
19390,1.6235,0.0,0.107,11798,1.386
19400,1.4216,0.0,0.106,11731,1.386
19410,1.3796,0.0,0.106,11725,1.386
19420,1.501,0.0,0.105,11941,1.386
19430,1.5085,0.0,0.105,11819,1.386
19440,1.417,0.0,0.104,11906,1.386
19450,1.5015,0.0,0.104,11698,1.386
19460,1.5815,0.0,0.103,11695,1.386
19470,1.3799,0.0,0.103,11685,1.386
19480,1.6167,0.0,0.102,11701,1.386
19490,1.3916,0.0,0.102,11869,1.386
19500,1.4565,0.0,0.101,11970,1.386
19510,1.4028,0.0,0.101,11962,1.386
19520,1.3311,0.0,0.101,11939,1.386
19530,1.3086,0.0,0.1,11945,1.386
